timestamp,title,article,url,company,category,reporter
1654152691.0,抓到了!網軍造謠「老婆3孩確診」IP在北市府 資訊局調查結果是「他」,"有PTT網友發文稱妻子中重症住院、3個孩子發高燒,並批政府毫無作為,結果遭「PTT創世神」創站人杜奕瑾揪出疑點,該網友也直言是「幻想文」。事後其他網友查出,其IP來自台北市政府。北市府晚間指出,經比對來源確認為財團法人台北市會展產業發展基金會林姓員工,並表示將會依將依規範懲處。 PTT網友「LxxExxxx」日前發文表示,自己發燒到40.4度,而家中三個小孩發高燒PCR確診,老婆更是中重症住院,但醫院都說是輕症,痛批政府超前部屬2年但毫無作為。事後杜奕瑾在臉書說到,該網友很有名,並揪出他矛盾之處。 民進黨市議員王閔生今日於備詢時提起此事怒轟,這人大言不慚承認是幻想文,言論自由沒錯,但造成社會恐慌就不對,且事後追查發現,該網友IP就在台北市府,對於議員的質疑,柯文哲先是問「這是誰」,隨後表示要查查看,資訊局長呂新科則允諾會在下週三有調查報告。 北市府晚間指出,針對今日議員於議場質詢,有疑似公務員上班時間於PTT發文,並遭投訴疑似造謠事件,資訊局即刻啟動調查。北市府使用公務網路,上網出口皆集中管理,市府及所屬機關(構)上網時共用IP,因此有同IP多人使用情形,經技術人員協助調閱紀錄,比對來源確認為財團法人台北市會展產業發展基金會林姓員工。北市府表示,調查人員直接聯繫文PO文當事人,渠坦承LXXXXXXr、gXXXXX0、gXXXXX0均為他的帳號,但發文為自身遭遇,抒發不滿而非造謠,於上班時間從事非公務行為,願受懲處。 北市府說到,另一tXXXXXXXXXg,為衛生局健康管理科同仁所有,係於PTT發布徵才資訊,屬於公務使用,並無違反本府規定;另一名同仁,則因上班時間上網修改PTT 出版文章,因網路架構關係,使用同一組IP,三人並無相關。遭檢舉帳號原PO(財團法人臺北市會展產業發展基金會員工)坦承該文為其所發,表示願配合調查,其文章是否不當及相關懲處,將待獎懲委員會討論處理。",https://www.ftvnews.com.tw/news/detail/2022602W0355,民視,一般,
1654147867.0,疑遭點名是造謠網軍!「他」急發文澄清 只道歉一件事:是我就離職,"有PTT網友發文稱妻子中重症住院、3個孩子發高燒,並批政府毫無作為,結果遭「PTT創世神」創站人杜奕瑾揪出疑點,該網友也直言是「幻想文」。事後其他網友查出,其IP來自台北市政府,網紅「四叉貓」(劉宇席)更發文指出,同一個IP發文抨擊政府者,竟是柯文哲的隨行攝影,被點名的隨行攝影急發文澄清,並表示如果是自己就會離職,他認為自己必須道歉的是在上班上PTT,這是自己錯誤的地方。 PTT網友「LxxExxxx」日前發文表示,自己發燒到40.4度,而家中三個小孩發高燒PCR確診,老婆更是中重症住院,但醫院都說是輕症,痛批政府超前部屬2年但毫無作為。事後杜奕瑾在臉書說到,該網友很有名,並揪出他矛盾之處。 民進黨市議員王閔生今日於備詢時提起此事怒轟,這人大言不慚承認是幻想文,言論自由沒錯,但造成社會恐慌就不對,且事後追查發現,該網友IP就在台北市府,對於議員的質疑,柯文哲先是問「這是誰」,隨後表示要查查看,資訊局長呂新科則允諾會在下週三有調查報告。 四叉貓今透過臉書說到,前幾天「LxxExxxx」只花四個月就生出三個孩子的抹黑事件,在批踢踢創世神持續分析和網友們追查比對之下,有幾個帳號都曾使用『117.56.178.81』的IP發文,雖然同IP不代表一定是同一個人 ,但他還是很好奇地都肉搜一遍,經肉搜後發現有4個帳號中,有一個曾經說自己的作品名稱叫做《原來,台北,這麼美》,「GOOGLE結果後,該作品的作者叫做陳柏瑞,是柯文哲隨行攝影,所以應該算真的公務員,不是需要約聘那種」。 陳柏瑞隨後發文澄清自己不是網軍,如果查到「LxxExxxx」是他就離職,如果不是,請所有影射他的網軍也要為自己的言論負責。 陳柏瑞解釋,事情是這樣,自己曾經在PTT的「出版版」發了一篇文章,關於出書的心得,隔天3月14日(一)的10:20左右,他在市府用電腦修改編輯,可是內容完全無關政治。 陳柏瑞說,結果有另一個帳號是「LxxExxxx」,在網路po文疑似攻擊中央政府,被揪出來IP位置也在市府,跟他還有其他人的po文位置一樣,結果,「我們就通通變網軍了」。 陳柏瑞說到,自己確實是個資深鄉民,什麼留言都有。他更說自己家都投綠的,包括他,「我還上過周玉蔻女士的節目;還是我要貼出我國中時跟謝長廷院長拍攝的照片、周玉蔻女士還訪問過我的《原來,臺北,這麼美》紀錄片、參加牽手護臺灣的照片與大學時蔡英文總統在我衣服上簽名的照片,大家才會相信我不是攻擊綠營的網軍」? 陳柏瑞認為,就因為自己的工作身分特殊,他們就隨便找一個人打,他們連「LxxExxxx」是誰都不知道,不求證,不等調查結果,就把我連名帶姓爆出來,他們可能想打柯文哲,卻沒想到結果可能打到自己人,「這就是我前幾天在網路上說,希望這個國家對於不同言論可以更加包容的地方」。 陳柏瑞表示,身為一個資深鄉民,逛PTT很正常,但自己必須道歉的是我在上班上PTT,這是自己錯誤的地方,必須跟大家道歉,「因為我在上班時間上網做非公務的事,我錯就承認,我就問,網軍會留真名嗎」。",https://www.ftvnews.com.tw/news/detail/2022602W0347,民視,一般,
1654145618.0,台歐盟首次部長級對話 經濟部:關切半導體供應鏈等合作,"經濟部部長王美花與歐盟執委會貿易總署總署長Sabine Weyand今(2)日共同主持「台歐盟經貿對話會議」。過去台歐盟雙邊會議為次長/副總署長對話層級,台歐雙方為擴大合作層面,提升對話層級至部長/總署長級,顯示在歐盟國際經貿合作藍圖上,台灣的重要性提升,亦為台歐盟關係的重大突破。 經濟部貿易局指出,台歐盟關係日益緊密,歐盟去年9月公布「歐盟印太合作戰略」時指出,將與台灣尋求深度的貿易與投資關係,並將在半導體方面與台灣等夥伴合作。台灣與歐盟都堅持自由、民主、人權等價值,加上台灣為歐盟重要經貿夥伴,今天雙方舉行部長/總署長層級之經貿對話會議,為台歐盟關係的重要里程碑。 貿易局說到,本次會議歐方主要關切半導體供應鏈韌性與合作、離岸風電產業關聯方案與動植物產品防疫檢疫(SPS)等議題,我方則就投資關係與合作與2050淨零轉型等議題與歐方進行討論,另我方也向歐方說明邁向2050淨零排放相關規劃,以利歐方充分瞭解台灣減碳的決心。 貿易局提到,會議當中雙方除就過去工作階層會議討論之議題進展交換意見,也就如何進一步在貿易、投資、研究及創新等戰略性議題進行合作充分交流,雙方並同意設立平台以利雙方工作階層持續討論,深化夥伴關係。 貿易局說到,在台歐盟半導體合作方面,去年疫情引發晶片短缺,我方就曾經盡力協助歐盟等盟友舒緩供應鏈問題,此外,經濟部今年3月已派遣半導體專家團到中東歐三國(立陶宛、斯洛伐克、捷克)進行實地查訪,深入瞭解當地產業發展情形外,並希望進一步在人才交流與人才培育方面,與歐盟建立雙方更緊密的關係,另雙方同意分享半導體供應鏈資訊。王美花強調,台灣將持續扮演全球半導體產業值得信賴的夥伴,並協助穩定供應鏈韌性。 貿易局說,發展離岸風電為台灣重要能源轉型政策,王美花先前也曾經就歐洲開發商在台離岸風電合作所遭遇困難,多次密集召開會議,協助業者解決問題。 貿易局指出,有關SPS議題,王美花表示,在2016年至2020年擔任次長期間,促成歐盟成員國多項農產品進口。我方敦請歐方儘速完成我國提出的加工加熱肉品、乳品及蛋品申請案,以利我國糕餅及肉類加工品可順利出口至歐盟市場。雙方同意由專家繼續討論彼此申請案之進度與解決方案。 貿易局說明此次會議順利圓滿完成,討論議題相當豐富,也達成數項共識,歐方同意與我方在數位經濟、貿易便捷化、供應鏈韌性等議題上,指派小組進一步討論合作的可能性。",https://www.ftvnews.com.tw/news/detail/2022602W0343,民視,一般,
1654143675.0,疑網軍造謠IP竟在北市府 四叉貓肉搜驚曝身分:是柯文哲隨行攝影,"有PTT網友發文稱妻子中重症住院、3個孩子發高燒,並批政府毫無作為,結果遭「PTT創世神」創站人杜奕瑾揪出疑點,該網友也直言是「幻想文」。事後其他網友查出,其IP來自台北市政府,不但有多個帳號,還常在上班時間發文。網紅「四叉貓」(劉宇席)今日發文指出,同一個IP發文抨擊政府者,竟是柯文哲的隨行攝影。 PTT網友「LxxExxxx」日前發文表示,自己發燒到40.4度,而家中三個小孩發高燒PCR確診,老婆更是中重症住院,但醫院都說是輕症,痛批政府超前部屬2年但毫無作為。事後杜奕瑾在臉書說到,該網友很有名,並揪出他矛盾之處,明明今年一月才發文詢問,「過年要去女友家玩,什麼時候該出發?才不會卡在路上」,結果5月26日就說老婆住院,還有3個分別為3歲、6歲以及8歲的孩子。杜奕瑾直言,「你這帳號越是出征,就越證明網軍打網軍議題。加害者偽裝受害者」,該網友不滿嗆,「沒事在八卦版發廢文,跟陳述我自己之前家人的確診情形,也要被出征嗎?在辦公室內發幻想文會被水桶嗎?還是被拔帳號?」 民進黨市議員王閔生今日於備詢時提起此事怒轟,這人大言不慚承認是幻想文,言論自由沒錯,但造成社會恐慌就不對,且事後追查發現,該網友IP就在台北市府,「網軍就在台北市政府,利用上班時間發幻想文造謠!」對於議員的質疑,柯文哲先是問「這是誰」,隨後表示要查查看,資訊局長呂新科則允諾會在下週三有調查報告。 四叉貓今透過臉書說到,前幾天「LxxExxxx」只花四個月就生出三個孩子的抹黑事件,在批踢踢創世神持續分析和網友們追查比對之下,有幾個帳號都曾使用『117.56.178.81』的IP發文,而且此IP也在PTT貼徵才文《誠徵台北市衛生局專案企劃師》。 四叉貓表示,雖然同IP不代表一定是同一個人 ,但他還是很好奇地都肉搜一遍,經肉搜後發現有4個帳號中,有一個曾經說自己的作品名稱叫做《原來,台北,這麼美》,「GOOGLE結果後,該作品的作者叫做陳柏瑞,是柯文哲隨行攝影,所以應該算真的公務員,不是機要約聘那種」。 四叉貓說,該帳號有些推文是在上班時間(非午休)發的,看來在北市府上班挺輕鬆的,「請請問賜教問,他的推文內容對於公務員來說是否違有反行政中立呢」? 四叉貓也再強調,同IP不代表是同一個人,自己只是好奇公務員是否可以上班玩PTT,以及發文內容是否違反行政中立。",https://www.ftvnews.com.tw/news/detail/2022602W0335,民視,一般,
1654141054.0,蔡總統預醫所慰勉人員 神秘P4實驗室曝光,"總統蔡英文不只到部隊視導,還前往極機密的國防醫學院預防醫學研究所視察。由於預醫所擁有全台唯一一座P4實驗室,這回疫情爆發,貢獻不小,因此總統特別來致意。不過這裡機敏性高,媒體拍攝倍受限制,而且距離上一次有媒體進到預醫所,已經是將近20年前的事了。 門口有憲兵駐守,圍牆上佈設充電鐵絲網防護,入口還豎立一支「軍事要地,擅闖依法究辦」的告示牌,戒備森嚴。這裡就是國防醫學院的預防醫學研究所,堪稱全台最機密的單位之一。端午前夕,總統蔡英文親自到訪,就是來感謝預醫所人員協助防疫。 總統蔡英文說,「我們的預醫所成立50年來,負責許多重大疫病的檢驗,也是疫苗研發的重要單位,大家都辛苦了。」 蔡總統慰勞,送上加菜金,不過距離上一次預醫所有總統來訪,已經是2013年,時任總統馬英九來慰勞預醫所參與H7N9防疫與疫苗研製,但並非公開行程。時間再往回拉,2003年SARS爆發,時任總統陳水扁來視導投身SARS防疫研究的預醫所,這是它首度曝光。目前預醫所擁有1座P4實驗室、2座P3實驗室。 P3實驗室人員嚴密防護,等級最高的P4更是嚴格,可以處理造成人類嚴重疾病,而且沒有疫苗或治療方法的病毒,像是伊波拉病毒、天花病毒。這座預醫所的P4實驗室是全台唯一,1983年成立,堪稱國軍早期研發生化戰的重鎮,過去還曾被質疑研發生化武器。 立委(民)王定宇說,「我們台灣的P4實驗室,是全亞洲第2座、全世界第8座、第8國擁有,當時是經由以色列跟我們的合作,來建置起來,所以它一直是非常機密的單位。」 國防院國防戰略與資源所所長蘇紫雲說,「過度曝光的話,可能會讓潛在的威脅者可以知道,去反推我們有什麼能力,所以也沒有必要讓供應的品牌、來源曝光,這樣對以後我們獲取這些敏感設備,會造成一些阻礙。」 就擔心病毒外洩,預醫所P4實驗室設置於人煙罕至的地點,也因為機敏性高,數十年來能進入的人屈指可數。為了因應未來可能的新興疫情,國防部已經規劃新的P4實驗室設置,預計2026年完成運轉。",https://www.ftvnews.com.tw/news/detail/2022602P09M1,民視,政治,
1654139266.0,水曜日精華/解密哥特蘭島與加里寧格勒軍事 馬雲讚996工時是「年輕人福報」,"「瑞典與芬蘭紛紛放棄二戰以來的中立國身分,正式申請加入北約(NATO)。誰說中立國不會打仗?揭密瑞典軍事與特殊地理位置竟直掐俄羅斯咽喉!」 「網路流行迷因:抖音一響、OOOO!一款短影音APP意外走紅卻爆壓榨員工,竟是中國特殊996傳入美國?工時與薪水合理性徹底引爆聊天室激辯!」 《水曜日聊世界EP.36》李慧芝和劉方慈整理「瑞典自強最前線」和「抖音的996血汗」最新議題。歡迎加入民視新聞最接地氣的《水曜日聊世界》,讓主播們為您線上即時回答各類問題,讓您觀影體驗充滿互動的熱情! (「嗨!兩週沒見面了,您們好嗎?」來自期待與各位雲端相見的主播熱情問候!) 本次《水曜日聊世界EP.36》節目內容分別有:「北歐中立模式將告終?瑞典芬蘭申請入北約」「『喔!是IKEA啊』瑞典是個怎樣的國家呢?」「瑞典兩次世界大戰皆中立!所以中立國是?」「瑞典的哥特蘭島!對俄最前線的重要鎮守處」、「針對俄國加里寧格勒?彈丸之地牽涉重核武」、「解析俄國主要核彈:伊斯坎德爾、薩爾馬特」、「誰說中立國很弱?揭瑞典超強外資軍武策略」、「華爾街日報:抖音一響,員工頭皮直發癢?」「抖音引996模式進美,每週開會平均85小時」、「中國996起源!GitHub上的996.ICU儲存庫?」「996的各自表述?工程師說苦,馬雲卻說福」、「請不要『龜笑鱉無尾』?世界工時大比拚!」今次節目超Chill,主播們歡迎尚未加入的網友從本頁下方完整影片入坑,也歡迎留言抒發您心中不敢說的「各項國際悶鍋議題」! (傳說中的「瑞芬」申請加入北約!俄羅斯沒想到侵烏立威信竟惹來北約東擴?普丁蠟燭兩頭燒?) 5月18日,瑞典及芬蘭兩國,正式聯合提交加入北約的申請,預計能大幅補充北約的軍事實力。目前,瑞典與芬蘭擁有現役軍人,分別是2萬4千人和2萬3千人,且後備役兵員十分充足,尤其是芬蘭,擁有87萬至90萬後備役,全國約3分之1人口皆服過役。另外,兩國還擁有世界知名的軍工業公司,堪稱是北歐最強軍力。 (慧芝主播非常專業解釋道瑞典哥特蘭島及俄羅斯「飛地」加里寧格勒!還不快收看完整版挺一波!) 雙姝主播本次聚焦於歐陸中立國──瑞典,尤其是該國哥特蘭島的特殊地位,正好完美牽制俄羅斯的「飛地」加里寧格勒!瑞典管轄的哥特蘭島是波羅的海最大的島嶼,據2017年數據顯示,島上居民不滿6萬,而主要經濟行為是農業及觀光旅遊。「波海三國」立陶宛、拉脫維亞和愛沙尼亞十分注重該島,認為此島為有效抵禦俄羅斯的寶地,多次與瑞典對話並期冀注重軍事防禦性,原瑞典為中立國立場而未對該地軍事化,仍以旅遊發展為標的。未料五月中旬,瑞典一改往常中立特性,與芬蘭不約而同提出加入北約申請,並宣布「有可能」強化哥特蘭島的軍事防禦系統。如此彈丸之地為何能成為俄羅斯的夢靨呢?加里寧格勒是俄羅斯的飛地(四周皆非管轄國的特殊國土),它瀕臨波羅的海,並且與波蘭、立陶宛相鄰,對其二國產生極大壓力,且該地還有不凍港的地理優勢(俄國另一不凍港在聖彼得堡,抑是普丁的出生地)。據傳該地配置了中程飛彈「伊斯坎德爾(Iskander)」和洲際飛彈「薩爾馬特(Sarmat)」,兩者特色皆有運輸車承載及發射(不須部屬地面設施)、搭載核彈頭能力。俄羅斯極受歡迎的政論節目《60分鐘》更誇下豪語,俄國若使用搭載核彈頭的薩爾馬特攻擊,摧毀德國、法國和英國僅是分秒之間的事,即該飛彈106秒內抵達柏林、200秒內抵達巴黎、202秒抵達倫敦,屆時被攻擊對象將永遠從地圖上消失,不愧是戰鬥民族的瘋狂言論。本次節目直播中還發生一段小插曲,當談到「歐洲還有哪些國家尚未加入北約」時,許多國際小尖兵紛紛提出正經答案,但一名水粉突然神回應「俄羅斯」,瞬間引爆聊天室回覆「哈哈哈」、「不能再同意更多」、「太神啦」、「本日金句」,同時還得到當日最多讚的殊榮。還想知道更多攸關瑞典的民風介紹與軍事實力嗎?頁面下方《水曜日聊世界EP.36》告訴您! (目前仍有哪些歐洲國家沒加入北約呢?好!除了俄羅斯以外啦XD原來還有這些國家呢!) 阿里巴巴創辦人馬雲曾提出,上班族早上9點工作到晚上9點,每周工作6天的「996加班文化」,是一種巨大的福報,認為不付出超越他人的努力和時間,如何實現成功,還表示996是他用來鼓勵阿里巴巴員工的精神,並引以為榮,馬雲一番話引發熱議,中國政府也發出聲明,指出996的工作制度違法,雖然有官方出面,但中國多數公司仍有勞動者被迫加班的情形,而備受用戶喜愛的中國短影音平台抖音和海外版TikTok,近日也傳出有美國分公司的前員工,出面控訴996加班文化,令人崩潰的消息。 (「這段代碼嗨翻全場!」第一個數字為上班開始、第二個數字為上班結束、第三個則是週上班天數~) 雙姝主播在節目下半場談到抖音的996血汗議題。抖音與TikTok於今年5月6日已正式通稱「抖音集團有限公司」,不再分別營運,但APP仍屬不同平台。據《華爾街日報》爆料,海外版抖音「TikTok」員工竟超時加班、週開會時間達到驚人的85小時,而這些超工時的工作環境竟是來自中國的「996」文化!節目更指出不僅抖音、阿里巴巴有超工時發生,更在華為、華為外包、螞蟻金服和京東也有此現象,為何東方和西方對於工時的認知差異如此巨大?主播表示,幾乎世界每個國家每週工時約40至50個小時不等,也因其工作場合和法律約束而造成些微差異,但有些國家的法律直接保障勞工權益,進而令工時更短且休假時間更長,亦有國家給予優渥的加班補償,甚至更有利的育兒福利政策。節目中盤點到「世界十大工時短和年薪高的國家」,其中更牽涉超越50小時比例的百分比數即低,更有國家週上班時間僅4天,今年4月還有更多國家加入測試行列,頓時令聊天室表示「羨慕忌妒恨」,只因列表中沒有台灣的影子。而主播隨後開啟「您認為台灣一天上班時間與週上班天數」話題,更讓聊天室陷入徹底瘋狂,紛紛發表自己認為的合理工時密碼,直到節目結束前仍欲罷不能,此時更有熱心網友提醒「留言區陷入勞基法危機」。想知道大家認為合理的上班時數與天數嗎?快移往本頁下方收看《水曜日聊世界EP.36》完整版,也可點擊下方影片前往民視新聞粉絲團,打開聊天室一探究竟且發表您的看法! (冰島證實每週工作4日對公司與員工皆有極佳的正面效果,目前紐西蘭與日本正在實驗中!您怎麼看這件事呢?) 好消息!《水曜日聊世界》正式成立社團及粉專囉!歡迎更多的朋友加入我們線上直播,節目將不定期抽出幸運兒送出「小編神秘小大禮」!錯過直播時間的夥伴們也別灰心,即刻點擊下方影片連結,馬上傳送到該則影片下方留言,同時也感謝您的觀影、按讚跟分享!給慧芝和方慈最大支持就是下週準時線上直播開聊,咱們不見不散囉! (掰掰囉!還想聽什麼有趣的國際新聞,歡迎留言《水曜日聊世界》臉書粉絲團及IG唷!咱們下次見~) 台灣新聞直播最夯、最潮盡在民視新聞粉絲團每週三晚間9:10──《水曜日聊世界》!",https://www.ftvnews.com.tw/news/detail/2022602W0277,民視,一般,
1654139087.0,「119錄音檔只能聽」 恩恩爸親要真相受阻哽咽,"新北市中和區2歲童恩恩染疫病逝,恩恩爸爸要求調閱通聯查明真相,今天一早親自到新北市府要資料,沒想到新北市府已經把資料寄出。不過市府提供副本給他看,恩恩爸爸發現,提供通聯譯本有短少,少了消防局回電給他妻子、以及橫向聯繫衛生局的通話內容。他也不理解,為什麼119的通聯聲音檔案,只能在現場聽,不能讓他帶回仔細比對。講到激動處,一度哽咽! 恩恩爸爸說,「關鍵的事發當下,,我老婆聲聲呼喊救護車,怎麼還不來聲聲呼喊,每一通電話包含這些,小朋友狀況變更差,我覺得我聽這個一定會很難受,所以我才跟他們說,你要把這原始檔給我,讓我回去消化整理吸收啊。」 恩恩的父親為了要找真相,2日上午來新北市府要資料,沒想到光是看通聯譯本,就發現一些疏漏。 恩恩爸爸說,「他們只給了我,我們家我的老婆,打給他們五通電話紀錄的譯本,欠缺了消防局回電給我老婆通話譯本,欠缺了什麼,消防局橫向聯繫衛生局的通話譯本,欠缺了什麼,欠缺了消防局到醫院的譯本。」 新北市消防局長黃德清說,「他提到說有其他有漏什麼,事實上他跟我們要求的東西,事實上我們都全部交付給他了。」 恩恩爸爸努力還原兒子的死亡真相,認為關鍵在於消失的81分鐘,1922、衛生局、消防局到底講了什麼,1922大方提供,沒想到消防局的通聯記錄,只能看到譯本,拿不到聲音檔,這令他無法接受。 恩恩爸爸說,「只跟我的家人,有利害關係的通話錄音,有危害公眾利益嗎,你們隱私權到底有什麼考量,我真的不懂。」 新北市消防局長黃德清說,「因為保護個資的問題,所以我們給他的資料,錄音檔的逐字的內容。」 新北市衛生局長陳潤秋說,「資料我們在今天(2日)早上,分別由衛生局跟消防局,用雙掛號寄出,我想應該很快可以收到。」 2日上午,恩恩爸爸直奔新北市府查資料,沒想到市府已經用雙掛號把資料寄出,沒溝通好險些撲空,市府答應現場給他副本查閱,通聯也可以現場聽。 恩恩爸爸說,「我今天先消化吸收,整理一下情緒,我一定會再未來三天內,我會再聯繫高副局長,或者是消防局黃局長,我會再確認一個地點,我應該會直接去消防局聽。」 新北市副市長劉和然說,「如果恩恩爸爸想要聽,兩次三次我們都會親自送到,所以有些細節跟相關情況,如果讓我們兩個局長在,我們就會隨時立即補充。」 恩恩爸爸說,「我就不懂他們禮拜二禮拜三,說會盡全力協助,資料準備好了,好了東西結果不肯給我,複製這叫好了嗎。」 為了寶貝兒子的離世,恩恩爸爸在新竹和新北間來回奔波,無法理解這消失的81分鐘,真相為何如此難以拼湊,希望市府可以跟中央一樣,協助他早日完成這塊拼圖。",https://www.ftvnews.com.tw/news/detail/2022602S05M1,民視,社會,
1654137593.0,日援台疫苗將滿一週年 日台交流協會收到「滿滿花海」超感動,"COVID-19(2019冠狀病毒疾病)去年6月本土疫情嚴峻時,日本送暖供應台灣124萬劑英國阿斯特捷利康(AstraZeneca)藥廠製疫苗,當時台灣民眾紛紛送上鮮花到日本台灣交流協會表達感謝,沒想到過了快一年,又有民眾送一盆盆鮮花,讓日台交流協會感到意外,也說「海島厝邊」的心意讓人又驚又喜。 日本台灣交流協會今日透過官方粉專發文說,一轉眼已經快一年了,去年六四那天,載著「友情疫苗」的紅鶴於天際翱翔,當時只是想要盡力回報台灣長期給予日本的恩情,「為幫助海島鄰居做我們力所能及的事」。 日台交流協會表示,當時收到了無數台灣朋友滿滿的心意,門內外都是花海,那令人感動的情景猶如昨夢,歷歷在目,沒想到一年後竟然還有人還記得這個日子,並在即將屆滿第一批疫苗抵達台灣的一週年時送來陣陣芬芳的鮮花。 文章說:「海島厝邊的心意總是出乎我們的意料之外,每一次都令我們又驚訝又感謝。日台友情Always Here,謝謝各位暖心的台灣朋友們,你們的心意我們都收到了,預祝大家端午節快樂。」。",https://www.ftvnews.com.tw/news/detail/2022602W0321,民視,一般,
1654137561.0,藍營議員質疑蔡英文1億劑快篩遭打臉 顏若芳:百年大黨已淪為造謠中心,"近期疫情嚴峻,民眾對於快篩試劑的需求也增加,總統蔡英文先前承諾5月初會有1億劑快篩試劑但卻遭質疑,國民黨立委林奕華更在蔡英文澄清文下留言,「一億劑快篩會到貨呢?也是假訊息嗎」?而衛福部昨日用數據澄清,「光進口快篩試劑已到貨1.68億劑」。對此,民進黨北市中山大同選區議員參選人顏若芳怒轟,「國民黨立委們,用功查證,很困難嗎」? 先前有臉書貼文蔡英文下令孩童燒到41度才准收治,除了指揮中心澄清為假消息外,蔡英文也透過臉書闢謠,但國民黨立委林奕華卻在貼文底下留言,「那一億劑快篩會到貨呢?也是假訊息嗎?請政府一定要查清楚真相!勿枉勿縱」。 關於外界質疑「蔡英文承諾5月初會有1億劑快篩試劑」一事,指揮中心也在昨日駁斥,目前國內家用快篩試劑儲備數量充足,光進口快篩試劑已到貨1.68億劑,相關質疑的報導並非事實。 「1億劑的承諾千真萬確,而且政府早就準時達標了」,顏若芳說到,根據昨天衛福部的新聞稿,截至5月31日止,我國採購或徵用家用快篩試劑的廠商計有18家,家用快篩試劑到貨數量,國產已生產850多萬劑,國外進口也已到貨1.68億劑,也就是說,不只達標,甚至還準備了更多。 顏若芳表示,儘管如此,卻還是有國民黨立委帶頭質疑造謠,難道林奕華不知道立委可以向部會索資嗎?高居立委竟然未經查證就胡亂放話,真是可憐啊,真的每次只要出現假消息,都一定有國民黨一杯羹,一個百年大黨早已淪落成造謠中心,誤國誤民誤防疫,「國民黨立委們,用功查證,很困難嗎」? 顏若芳說到,昨天她在看蔡英文總統的澄清文時,竟然還看到有人說「總統都把心力花在澄清,都沒在防疫」。她怒轟,還不是因為一天到晚都有人在散播謊言、製造恐懼,誰想整天都在澄清假消息啊,「應該要去檢討說謊的人,怎麼會檢討被污衊的人」? 顏若芳強調,假消息猖獗,躲在暗處造謠的勢力持續為所欲為,靠政府的力量之外,更要靠你我一同積極澄清,讓假消息破防,不僅是為了防疫政策的順利,更是為了留給下一代更好的台灣。",https://www.ftvnews.com.tw/news/detail/2022602W0319,民視,一般,
1654136046.0,另類藍白合! 蔣萬安、黃珊珊形象照 同一名師操刀,"台北市長參選人蔣萬安,日前找上許多大咖藝人指定的攝影師林炳存合作,拍攝形象照。而無獨有偶,民眾黨主席柯文哲,日前也帶著參選人們找上演藝圈知名攝影師林炳存拍攝競選照片,形成另類藍白合。居中牽線的民眾黨文宣部主任許甫笑說,這是英雄所見略同。 台北市長參選人(國)蔣萬安說,「謝謝,端午節快樂。」 民眾大排長龍等著領粽子,藍營台北市長參選人蔣萬安趁著端午節前夕踩點萬華,跟市民搏感情。國民黨在地市議員應曉薇、郭昭嚴、鍾小平、吳志剛,全員到齊,展現團結氣勢。 台北市長參選人(國)蔣萬安說,「打造台北市成真正一流頂尖、國際都會行列,好不好?」 除了直接面對選民,蔣萬安近期也悄悄找上許多大咖藝人指定的攝影師林炳存操刀形象照,不但有正裝,還走休閒運動風格,力拼親民形象。 台北市長參選人(國)蔣萬安說,「這位我攝影界的好朋友,他非常厲害,我很喜歡這組形象照,希望透過不同風格,讓市民更認識我。接下來這些照片會讓大家看到,請大家拭目以待。」 有MV教父之稱的林炳存,作品不計其數,合作過的知名歌星包含蕭敬騰、張惠妹、五佰、范曉萱、畢書盡等人。這回跨刀政治界,不只蔣萬安,就連台北市長柯文哲,以及代表民眾黨參戰北市的黃珊珊,或是參選桃園市長的賴香伶,也都找上林炳存拍攝競選形象照,被解讀為另類的藍白合。 民眾黨文宣部主任許甫說,「這次就想說讓候選人找大師來拍照,我也是看媒體才知道,原來蔣萬安也是林炳存來拍,先前我知道在柯文哲市長拍過之後,黃珊珊副市長因為她跟林炳存大概也有交情,大家都是英雄所見略同。」 比手指愛心、閉眼裝可愛,柯文哲展現難得俏皮的一面。問題是,年底縣市長選舉,柯文哲又不是要披戰袍的人,搶著拍個人形象照,難道提前準備2024大位?實在令人玩味。",https://www.ftvnews.com.tw/news/detail/2022602P10M1,民視,政治,陳韻年、畢翔、林東銘
1654135559.0,藍桃園再掀亂! 羅智強脫黨參選? 張:敬佩的朋友,"國民黨桃園市長選戰歹戲還沒落幕,爭取黨內提名失敗的羅智強,趁黨主席朱立倫出國訪美時,在臉書說將思考要不要繼續參選桃園市長,更將提出對張善政參選的看法。對此張善政說,羅智強是他敬佩的朋友,期待和他攜手為桃園打拚。 國民黨桃園市長參選人張善政,努力勤走基層,化解地方心結。這回來到觀音區,前副縣長廖正井在立委任內的選區,傾聽民意,廖氏宗親會特別送上「德高望重」獎狀。 前立委(國)廖正井說,「他已是院長級的人,他委屈來當我們的桃園市長,真的是委屈了。」 桃園市長參選人(國)張善政書,「一點都不委屈 特別要拜託,宗親會的支持,我如果能夠選上的話,我絕對讓我們張廖簡光宗耀祖。」一句「讓你光宗耀祖」的話,充滿弦外之音,除了拉攏,也給外界想像空間,難道副手人選已經呼之欲出?觀音區長期綠大於藍,要拚勝選,總需要老手帶路,協助整合地方勢力。 在廖正井的協助下,張善政見到了前副縣長郭蔡文、連任五屆的在地立委陳根德。一逮到機會,張善政趕緊推薦自己,爭取支持。 桃園市長參選人(國)張善政說,「雖然我現在已經是半退休人士,日子過得很愉快,想到我跟桃園的情緣跟緣分,實在是放不下 大家支持我,將來4年8年一定會以我為榮。」 前立委(國)陳根德說,「我們感天大帝一定會庇佑,張院長順利高票來當選。」 張善政所到之處,黨內小雞們屈指可數。相較於行腳走桃園祈福的羅智強,兩人陣仗落差大,讓羅智強忍不住發文,預告下周要對張善張的參選表達看法,更要利用端午連假,好好思考桃園市長選舉要不要繼續走下去。 桃園市長參選人(國)張善政說,「羅智強是一位非常讓我敬佩的朋友,他為桃園的奉獻,最近大家都有目共睹,所以我很期待將來我跟他,可以互相攜手幫桃園打拚。」徵召張善政空降選桃園的黨主席朱立倫,前腳才踏出國門訪美,羅智強反突襲埋下伏筆,讓原本以為定於一尊的藍營桃園市長選戰,再掀番外篇。",https://www.ftvnews.com.tw/news/detail/2022602P12M1,民視,政治,翁有繼、莊柏驊、周秉瑜
1654134650.0,美國民兵將與國軍合作 學者:可傳授作戰技巧,"隸屬美國州政府的國民兵,擁有與正規軍不相上下的戰力與武器裝備,現在傳出要與台灣軍方合作,由達克沃絲參議員提出的「台灣夥伴關係法案」,內容呼籲國民兵和台灣成立夥伴計畫,確保有一支整合良好,在危機發生時能迅速部署的防衛部隊,學者樂觀看待,認為國民兵可以為國軍帶來很大幫助。 官兵蓄勢待發,從機上一躍而下,另一頭地面部隊全副武裝準備攻堅,不論是陸軍還是空軍,都是隸屬美國州政府的國民兵,現在傳出將與我國的軍隊合作。 行政院長蘇貞昌(05.31)說,「期待台灣和美國之間,就相關的後備動員,國民兵防衛種種,給台灣更多這方面的協助。」美國民主黨參議員達克沃絲(05.31)說,「也希望我們今日討論,不只包括全動署國民兵,也希望討論經濟合作,有直接的互動簽署協議。」 去年由民主黨達克沃絲與共和黨柯寧等跨黨派參議員,共同提出「台灣夥伴關係法案」,後來放入已通過的2022會計年度國防授權法裡頭。內容呼籲美國國民兵與台灣成立夥伴計畫,確保有一支整合良好,在危機發生時能迅速部署人員的防衛部隊,並以「國會意見」呼籲美國行政部門,增進美台高階防衛官員與將級軍官往來、改善台灣後備部隊、擴大雙邊人道及災難援助合作,展現美台站在一起的信念。 國防院助理研究員舒孝煌書,「國民兵它自己本身其實戰力非常堅強,空軍也擁有跟正規軍一樣的戰力,像例如F-22F-35戰機,都配備在國民兵裡面,強化後備戰力上面是,的確有滿多可以參考的地方,包括動員制度的調整,包括作戰訓練的一些,改革武器裝備的變革,一些作戰訓練,因為他們都有經歷過實戰。」 美國國民兵的戰力與裝備,並不輸給正規軍,也參與過韓戰、越戰、阿富汗、伊拉克戰爭等戰爭,作戰經驗豐富,勢必能給國軍帶來不小幫助。財經專家徐嶔煌說,「在這個時間最怕是心防扛不住,所以美國才會告訴你說,沒關係實戰上需要的東西,我們的國民警衛隊跟台灣合作,國民警衛隊你可以看到一件事情,它本身就是軍隊級的規格,伊拉克戰爭它有參加,敘利亞戰爭它也有參加,波灣戰爭它也有參加,本身除了裝備強大之外,它實戰經驗也很豐富,我們的國軍現在需要的也是實戰經驗,所以等於說它跟你一起來做聯合演訓,那對於台灣的國防來講,這就很重要。」 美台軍事合作逐漸檯面化,無非也是警告中國,武力威嚇台灣,只會引來反作用力。",https://www.ftvnews.com.tw/news/detail/2022602P08M1,民視,政治,楊凱安、沈培智
1654134176.0,台美21世紀貿易倡議將啟動 中國又眼紅嗆:跳越高就摔越慘,"行政院昨日晚間舉行「深化台美經貿關係重大成果記者會」,宣布台灣與美國正式推動「台美21世紀貿易倡議」,就減碳、反貪汙等11個項目展開密切談判。對此,中國外交部發言人趙立堅怒嗆,美國應停止與台灣商簽具有主權意涵和官方性質的協定,不向台獨分裂勢力發出任何錯誤信號,「我們也要警告民進黨趁早打消倚美謀獨的算計,否則他們跳得越高,摔得越慘」。 行政院政務委員鄧振中昨(1)日晚上與美國副貿易代表Sarah Bianchi進行會議並宣布,雙方將啟動「台美21世紀貿易倡議」,尋求推動數位經濟貿易成果,推進與深化雙邊貿易關係。 鄧振中指出,該倡議有11個談判項目,包括貿易便捷化、法規訂定原則、減碳、農業、反貪汙、協助中小企業貿易、掌握數位貿易所帶來的利益、推廣以勞工為中心的貿易、支持環境及氣候行動、標準與國營企業、非市場政策及做法。 對此,趙立堅說到,中國一貫堅決反對建交國與台灣進行任何形式的官方往來,包括商簽具有主權意涵和官方性質的協定。他再次稱,世界上只有一個中國,台灣是中國領土不可分割的一部分,中國政府是代表全中國的唯一合法政府,這是國際社會共識,更是美方在中美三個聯合公報中作出的鄭重承諾。 趙立堅怒嗆,美國執意打台灣牌,只會將中美關係帶入危險境地,美國應該恪守一個中國原則和中美三個聯合公報規定,停止任何形式的美台官方往來,停止與台灣簽具有主權意涵和官方性質的協定,不向台獨分裂勢力發出任何錯誤信號,「我們也要警告民進黨,趁早打消倚美謀獨的算計,否則他們跳得越高,摔得越慘」。",https://www.ftvnews.com.tw/news/detail/2022602W0302,民視,一般,
1654133980.0,挺林佳龍選北市長 雲林同鄉會:絕對有勝算,"民進黨誰來選台北市長,還沒決定,旅北雲林同鄉會召開記者會,力挺雲林子弟林佳龍!他們估算在台北的雲林人有40多萬,林佳龍出馬絕對有勝算。黨內議員也分成挺陳時中跟挺林佳龍兩派,但本來傳出陳時中有望六月「華麗轉身」投入選戰,近期卻因為疫情升溫,民調下滑,產生變數。 高聲疾呼,要民進黨提名林佳龍選台北市長,旅北雲林同鄉會力挺雲林子弟。 前北市雲林同鄉會理事長陳義雄:「我們不分藍綠、不分黨派,只要他林佳龍能夠提名,我們保證他一定當選,提名的人選非常非常重要,推出對的人,不是推出自己人。」 雲林同鄉會估算,在台北的雲林人有40多萬,換算成選票,實力雄厚,已經送交千份連署書到民進黨中央,呼籲提名林佳龍,林佳龍則回應尊重黨的布局。他和陳時中是目前呼聲最高的綠營北市長人選,本來傳出陳時中有望六月「華麗轉身」投入選戰,但近期因為疫情升溫,產生變數。根據網路媒體民調,有56.6%的人對陳時中防疫指揮不滿意,只有41.3%滿意,要是差距持續擴大,對民進黨選情相當不利。 雲林同心會長丁文祺說,「我們不敢說陳時中怎麼樣,林佳龍勝算大,為什麼民進黨,直接就要提名林佳龍才對,所以我們比較起來我也覺得說,跟蔣萬安也好還是誰,還是林佳龍比較有勝算,所以如果將來不是提名林佳龍,應該同鄉會不會有支持動作。」 黨內議員也分成挺中、挺龍兩派,缺少母雞帶頭的他們,眼看離年底選舉剩下五個多月,聲聲喊話民進黨,沒有再拖下去的本錢。",https://www.ftvnews.com.tw/news/detail/2022602P11M1,民視,政治,陳妍伶、欒秉宙
1654133822.0,網軍認了造謠「老婆3孩確診」IP竟在北市府 柯文哲允一週內調查,"疫情期間假消息不斷,先前有PTT網友發文稱妻子中重症住院、3個孩子發高燒,並批政府毫無作為,結果遭「PTT創世神」創站人杜奕瑾揪出疑點,該網友也直言是「幻想文」。事後其他網友查出,其IP來自台北市政府,不但有多個帳號,還常在上班時間發文。台北市長柯文哲今反問「這個是誰啊?」,資訊局則允諾會在下週三有調查報告。 PTT網友「LxxExxxx」日前發文稱,自己也發燒到40.4度,而家中三個小孩發高燒PCR確診,老婆更是中重症住院,但醫院都說是輕症,痛批政府超前部屬2年但毫無作為。 事後杜奕瑾在臉書發文表示,該網友很有名,並揪出他矛盾之處,明明今年一月才發文詢問,「過年要去女友家玩,什麼時候該出發?才不會卡在路上」,結果5月26日就說老婆住院,還有3個分別為3歲、6歲以及8歲的孩子。杜奕瑾直言,「你這帳號越是出征,就越證明網軍打網軍議題。加害者偽裝受害者」。該網友回擊,「沒事在八卦版發廢文,跟陳述我自己之前家人的確診情形,也要被出征嗎?在辦公室內發幻想文會被水桶嗎?還是被拔帳號?」 柯文哲今赴市議會備詢,民進黨市議員王閔生怒批,這人大言不慚承認是幻想文,言論自由沒錯,但造成社會恐慌就不對。網友事後追查「LxxExxxx」IP就在台北市府,且被發現有多個帳號在網路上發動攻擊,王閔生問,這難道不就構成柯文哲所說的網軍?柯文哲只問,「這是哪裡的?」 王閔生指出,該網友的帳號先前還貼了北市衛生局健康管理科的徵才廣告,市長不覺得怪?他怒批,「網軍就在台北市政府,利用上班時間發幻想文造謠!」柯文哲未正面回應,轉頭問官員「這個是誰啊?」 資訊局長呂新科說明,每個訊息都有聯外IP,內部設備也都有一組IP,會依照該結構來查詢,但也有可能是有人透過無線網路取得,目前還是要查。柯文哲也說,就查查看,他也不曉得。王閔生追問要多久才調查完、一年還是兩年?柯文哲表示不用,這一週就夠了,呂新科則允諾會在下週三有調查報告。",https://www.ftvnews.com.tw/news/detail/2022602W0294,民視,一般,
1654133472.0,強尼戴普勝訴洗刷污名 洪申翰曝「男性關懷專線」每年受理1.8萬通,"好萊塢明星強尼戴普與前妻安珀赫德互告誹謗的世紀官司,結果出爐,判決強尼戴普勝訴,洗去6年來「家暴男」的污名,安珀將賠千萬美金。強尼戴普則發出長文,感謝陪審團讓他重獲新生。民進黨立委洪申翰今(2)日直言,這件事提醒了暴力受害者不分性別,衛福部設立男性關懷專線0800-013-999,「打這支電話不是示弱,也不是顏面掃地,是諮詢專業協助」。根據衛福部統計,2016年至2019年該專線每年受理1.8萬通諮詢電話。 洪申翰表示,今天整個被強尼戴普勝訴的新聞大洗版,提醒了暴力受害者不分性別。身為一位立法委員,他除了和大家一起八卦關心這場萬眾矚目的世紀官司,他也要鄭重提醒大家,現有政策、法令給予大家的保障。 洪申翰指出,男性關懷專線 0800-013-999,拜託各位男性,打這支電話不是示弱,也不是顏面掃地,是諮詢專業協助!而且他今天問過衛福部,市話、手機撥打,都是免付費。根據衛福部統計資料,2004年設立男性關懷專線後,2016至2019年,每年受理約1.8萬通諮詢電話,深談服務約8,400人次,以2017至2019 年的諮詢議題分析,5成電話諮詢情緒問題,2成諮詢婚姻問題。 洪申翰提醒,正在交往的情侶之間發生暴力,也是家庭暴力,受到《家庭暴力防治法》規範。分手情侶,也可以向法院聲請家暴保護令,任何性別都可以聲請。就算沒有同居、只要曾經在一起,也受到家暴防治法的保護。 最後,洪申翰指出,昨天開始,多了一個新的法律保護你我《跟蹤騷擾防制法》,包括監視觀察、不當追求、寄送物品、歧視貶抑、妨害名譽、通訊騷擾、冒用個資、尾隨接近,使心生畏怖,足以影響日常生活或社會活動,這些通通違法。",https://www.ftvnews.com.tw/news/detail/2022602W0290,民視,一般,
1654132464.0,史上第一次! 蔡總統將紅隼火箭扛上肩,"總統蔡英文在端午前夕赴海軍陸戰隊六六旅視導,頒發加菜金感謝官兵留守。蔡總統也在軍方引導下,將中科院研發生產的紅隼火箭發射器扛在肩上試瞄,實際測試一下重量,結果讓她滿意,誇讚紅隼火箭不會重、很好操作。這也是史上第一次,有總統扛起肩射火箭筒。 總統蔡英文特別在端午節前夕,到海軍陸戰隊六六旅視導,送上加菜金感謝國軍官兵們的辛勞。總統對擺放在現場,中科院生產的紅隼反裝甲火箭,特別感興趣,光是看還不夠,索性直接操作。 在旁人指導下,總統扛起紅隼火箭,並做出標準發射動作。 總統蔡英文說,「這個是保險,這個是承受那個後座力,這樣子才是標準的。」實際感受飛彈發射器在肩上的重量,寫下史上第一次由總統操作紅隼火箭的紀錄! 總統蔡英文說,「我就是在試它的重量,也滿好操作的,所以在400公尺之內,都可以作戰。」 紅隼火箭為中科院研發製造,是不對稱戰略下,我國陸軍現役主力反戰車武器,射程可達400公尺,設計上採拋棄式射擊,打完就丟,不必裝填,沒有被敵軍撿拾的問題,僅需一人就可操作,機動性高。除了紅隼,軍方還秀出烏俄戰爭爆紅的美製標槍飛彈。 就看女兵輕鬆扛起重達21公斤的標槍反坦克飛彈,標槍、紅隼與刺針防空飛彈,共同構築我國不對稱戰力。軍備局生產的T108輕型狙擊槍,有效射程可達1000公尺,也首度在媒體前曝光。代號「先鋒部隊」,海陸六六旅負責北部政經中樞防守,肩負反斬首重責大任。除了配有先進武器裝備,曾赴美受訓的主官更是一大亮點。 陸戰六六旅部一營步三連長洪鈺珊說,「身為這個單位的女性主官,生活 訓練都跟部隊在一起,我覺得這跟性別沒有關係,那當然我以身為,女性的上尉連長為榮,美軍健身的風氣,比較盛行之外,其餘我覺得國人,展現出來的軍事實力,也跟美國相當。」 女主官展現巾幗不讓鬚眉氣勢,陸戰隊六六旅在總統加持下,女力爆發,讓外界看到總統捍衛台灣的決心。",https://www.ftvnews.com.tw/news/detail/2022602P07M1,民視,政治,
1654131892.0,台美21世紀貿易倡議將啟動 孫曉雅喊:AIT已做好準備,"行政院昨日晚間舉行「深化台美經貿關係重大成果記者會」,宣布台灣與美國正式推動「台美21世紀貿易倡議」,就減碳、反貪汙等11個項目展開密切談判。對此美國在台協會(AIT)處長孫曉雅表示,「AIT已做好準備,來支持美國貿易代表署的同事、行政院經貿談判辦公室的夥伴,推進這項令人興奮的倡議」。 行政院政務委員鄧振中昨(1)日晚上與美國副貿易代表Sarah Bianchi進行會議並宣布,雙方將啟動「台美21世紀貿易倡議」,尋求推動數位經濟貿易成果,推進與深化雙邊貿易關係。 鄧振中指出,該倡議有11個談判項目,包括貿易便捷化、法規訂定原則、減碳、農業、反貪汙、協助中小企業貿易、掌握數位貿易所帶來的利益、推廣以勞工為中心的貿易、支持環境及氣候行動、標準與國營企業、非市場政策及做法。 針對此事,美國在台協會(AIT)今發布一段影片,AIT處長孫曉雅表示,非常高興看到「台美21世紀貿易倡議」的啟動,這個倡議目的在發展深化經貿關係的具體方法,在共同價值觀的基礎上推進彼此的貿易重點,為勞工和企業帶來促進創新、包容性的經濟成長,「AIT已做好準備,來支持美國貿易代表署的同事以及行政院經貿談判辦公室的夥伴推進這項令人興奮的倡議」。",https://www.ftvnews.com.tw/news/detail/2022602W0273,民視,一般,
1654129781.0,謝龍介稱中國外交「與人為善」 他列「事蹟」嗆:連維基百科都不會查?,"國民黨台南市議員謝龍介今(2)日在直播中說到,台灣其實可以「做自己」,就是要去跟中國談判,他更說到,中國過去的外交可說是「與人為善、敦親睦鄰」,反而是美國跟全世界「吵透透」。對此,台灣基進新聞部副主任陳子瑜發文列舉中國「事蹟」嗆,「連維基百科都不會查,這種程度也想當國民黨南台灣母雞」? 九合一大選年底登場,在台南市方面,國民黨提名謝龍介選台南市長。謝龍介在在今天的直播中拋出疑問,「中華民國為什麼不能做自己?台灣為什麼不能做自己?」他認為其實可以,「應該要跟中國談判阿!中國有說不跟你們說嗎?」。他更稱,中國過去對外的外交是與人為善、敦親睦鄰,「甚至不曾派兵去威脅人家」,他認為中國就是只有防守而已,而美國卻是跟全世界「吵透透」,這需要大家認真思考。 對於謝龍介的說法,陳子瑜說到,先不提漢武帝這麼久遠的事,光是共產中國成立之後,至少就有入侵西藏(1959)、珍寶島事件(1969)、懲越戰爭(中國自己定調,實際是輸的1979),「連維基百科都不會查、這種程度也想當國民黨南台灣母雞」?而網友也幫忙補充,「他忘記了1962年中印戰爭,中國吞下不少印度領土,後來印度在聯合國控訴中國侵略,蘇聯也認為中國侵略印度,中國只好撤軍吐出吞下的印度領土」。另外也有民眾狠酸,「我最欣賞他睜眼說瞎話的能力, 佩服」。",https://www.ftvnews.com.tw/news/detail/2022602W0245,民視,一般,
1654129134.0,不只打給王必勝! 陳其邁:我從陳時中打到莊人祥,"台北市長柯文哲酸中央設兒童疫苗接種站「白癡」,針對中央地方溝通是否出問題,衛福部醫福會執行長王必勝昨表示,每天都有各縣市首長、各地衛生局長打給自己溝通討論,其中高雄市長陳其邁更是「天天打來,甚至討論到半夜」,陳其邁今(2)日直言,防疫是各縣市政府跟中央要通力合作,同個隊伍彼此補位,「我其實不是只有打給王必勝,我從部長打到莊人祥,打到王必勝打到健保署」。 王必勝昨接受網路媒體訪問時提到,指揮中心每天都開會到半夜11點,各都縣市首長、衛生局長也常常打給自己,像是台北市副市長黃珊珊就很常和他溝通討論,雖然有很多事情的意見都不一致,但就從各自的意見中找到平衡,再去執行。他也點名陳其邁每天都打電話,明確告訴他要做什麼,也說了很多意見,2人有時候會討論到半夜,他認為這是很好的溝通方式。 陳其邁今下午在疫情記者會中被問及和王必勝的通話內容。陳其邁直言,SARS時候就是中央地方協調不好,造成當時北部地區防疫非常大痛點,防疫是各縣市政府跟中央地方要通力合作,一個是區域聯防,一個是整個團隊的合作,才能把防疫工作做好。 「我其實不是只有打給王必勝,我從部長打到莊人祥,打到王必勝打到健保署」,陳其邁說,合作有些節點要協調的都必須把協調做好,跟台中市、台南市、嘉義都常常通電話,跟醫院也是,「防疫大家是同個隊伍,彼此互相補位才能做好」。 陳其邁指出,王必勝工作也非常忙碌,要處理全台灣疫情,有時候會互相提醒,我們做不太夠他就會提醒,有時候我們也會針對全國性議題跟他們報告南部碰到的狀況,大家要通力合作互相補位,這樣對疫情才有幫助。 陳其邁坦言,「我是不喜歡明明可以自己講的溝通就可以,沒有必要...應該說講太多也不好,大家能協調做好,對防疫才有幫助」。",https://www.ftvnews.com.tw/news/detail/2022602W0233,民視,一般,
1654128866.0,恩恩爸緊追「消失81分鐘」錄音檔 新北市府揭原因:不能提供,"新北市2歲童恩恩染疫後不幸離世,恩恩爸緊追「消失的81分鐘」完整通聯紀錄。恩恩爸今受訪時表示,對照一樣都是政府機關,中央1922可以給通話錄音,為何新北市府無法提供?新北市副市長劉和然聲稱,119是勤務中心,每天要接到數萬通、數千通電話,有一定原則規範,「不能給的標準就是,119勤務中心到目前對待每個民眾方式是一模一樣的」。 劉和然還原昨晚情況,昨晚7點多高副局長打了2通電話,沒有接通,因此留言表示會帶著資料過去,8點多恩恩爸回訊說希望可以過來,但考量恩恩爸長途跋涉,市府堅持帶著資料過去跟親自說明,但是今早恩恩爸還是親自出門到市府。 劉和然表示,高副局長開完會後,發現恩恩爸打了好幾通電話,高副局長就趕緊結束會議,跟恩恩爸說明資料已經寄出,可是恩恩爸說「既然已經來了,可不可以拿到資料」,因此高副局長緊急連絡消防局、衛生局處把將寄出的資料影印出來,當場交給恩恩爸簽收帶走。 劉和然指出,新北市府今有跟恩恩爸強調幾件事,第一,如果恩恩爸回去看資料有任何疑問,就算端午節連假,只要恩恩爸有需要,兩位局長都會親自到新竹說明報告。 第二,對於恩恩爸希望提供的「錄音內容」,市府一定全力配合,但是不會拷貝錄音檔內容,如果恩恩爸今天想要當場聽,市府可以立即安排,但是恩恩爸說他今天不想聽,因此市府也表達,如果這幾天想聽錄音帶,市府一定會有專人送到新竹讓恩恩爸聽。 劉和然表示,恩恩爸反應聽一次不夠,市府也表示,如果一次不夠要多聽幾次,專人都會送達,只要是當事者本人,絕對讓恩恩爸聽錄音檔。並承諾「只要是他(恩恩爸)提出來我們都有紀錄,只要有符合政府資訊公開法,只要符合法令可以提供,我們今天也承諾後續會再補給他」。 針對恩恩爸今表示對照一樣都是政府機關,中央1922可以給通話錄音,為何新北市府無法提供。媒體追問,新北市府有何困難,劉和然則聲稱,119是勤務中心,每天要接到數萬通、數千通電話,所以有一定原則跟規範,「不能給的標準就是,119勤務中心到目前對待每個民眾方式是一模一樣的」。",https://www.ftvnews.com.tw/news/detail/2022602W0229,民視,一般,
1654122166.0,新北市府備好資料已寄出!恩恩爸登門索取撲空,"新北市中和區2歲童恩恩染疫離世,恩恩爸爸要求調閱通聯查明「消失的81分鐘」真相,並婉拒與新北市衛生局長陳潤秋、消防局長黃德清會面。新北市長侯友宜表示,家屬需求都會全力提供。陳潤秋則說,市府已經將恩恩爸爸要的資料用雙掛號寄出,但兩邊似乎沒溝通好,一早恩恩爸爸親自北上新北市府要資料,卻得知資料已寄出,相當錯愕。 新北市長侯友宜說,「我們會盡全力提供相關的資料,給恩恩的爸爸,我們一切以家屬需求為主。」 簡短回應,結束聯訪,侯友宜快速上樓到議會備詢,面對國內首位重症死亡個案,恩恩爸爸還在等,那消失81分鐘的通聯紀錄。 新北市消防局長黃德清說,「其中恩恩爸爸一直提到的錄音檔案,我們是用錄音檔的按逐字譯文的內容代替。」 新北市消防局長表示通聯記錄早已準備好,更有10多頁逐字文,還說原定6月1日就要跟衛生局長陳瑞秋,親自下新竹跟恩恩爸爸解釋。 新北市衛生局長陳潤秋說,「恩恩爸爸他有其他的考量,他希望能先看到資料,所以這個資料我們在今天早上,分別由衛生局跟消防局,用雙掛號寄出,我想應該很快可以收到。」 不過兩邊溝通似乎沒講好,恩恩爸爸一早卻現身新北市府。 恩恩爸爸說,「一早他們才跟我說寄走了,跟我昨天的期待是明顯不一樣的,跟我昨天連絡的結果也不一樣,所以我想要現場要求的是,那你既然寄走了正本,那你總有些副本留存,所以高副局長現在在聯繫衛生局的同仁消防局的同仁,把所謂的寄送走的副本,現在找過來提供給我確認,那我覺得我今天這一趟,都已經在新北市政府,就不會白跑了。」 市府展現積極誠意想解決問題,但恩恩爸愛子心切,親自登門索取通聯資料卻反而撲空,至於民進黨副秘書長林鶴明在臉書批侯友宜是政治作秀,侯友宜快速進議場,不多回應。",https://www.ftvnews.com.tw/news/detail/2022602S01M1,民視,社會,杜怡萱、羅執中、SNG
1654121744.0,雲林同鄉會大老出面 力挺林佳龍選北市長,"民進黨誰來選台北市還是未定之天.旅北雲林同鄉會,召開記者會力挺雲林子弟林佳龍!他們估算在台北的雲林人有40多萬,對林佳龍出馬來說絕對是優勢,至於陳時中,因為並非雲林人,如果最後民進黨提的是陳時中,雲林同鄉會就不會有支持動作。 高聲疾呼,要民進黨提名林佳龍選台北市長,旅北雲林同鄉會,力挺雲林子弟。前北市雲林同鄉會理事長陳義雄說,「我們不分藍綠不分黨派,只要他能夠提名,我們保證他一定當選。」 雲林同鄉會估算,在台北的雲林人有40多萬,換算成選票,實力雄厚,已經送交千份連署書到民進黨中央,更發出公開信,細數林佳龍學經歷及過往表現,呼籲總統蔡英文,提名林佳龍。雲林同心會長丁文祺說,「我們不敢說陳時中怎麼樣,勝算大,為什麼民進黨,直接就要提名林佳龍才對,所以我們比較起來我也覺得說,跟蔣萬安也好還是誰,還是林佳龍比較有勝算,所以如果將來不是提名林佳龍,應該同鄉會不會有動作。」 前北市雲林同鄉會理事長陳義雄說,「台北市已經20幾年,沒有民進黨籍市長,提名的人選非常非常重要,推出對的人不是推出自己人。」 雲林同鄉會,喊話民進黨,眼看藍白人選都已經底定,綠營誰來選台北還有變數,離選舉剩下5個多月,基層越來越焦慮。",https://www.ftvnews.com.tw/news/detail/2022602P03M1,民視,政治,陳妍伶、欒秉宙
1654121618.0,盧秀燕:總統府3分之1確診 綠營質疑放假消息,"台中市長盧秀燕,議會總質詢,被議員問到,市府同仁確診狀況,盧秀燕回應,總統府確診人數佔3分之1,台中市府是50分之1,希望大家對確診者要有同理心,總統府發言人張惇涵臉書發文反駁,總統府確診率14.7%,非3分之1,雖然市府澄清,雙方落差,是差在「母數」不同,但綠營議員,質疑盧秀燕是否有放假消息之嫌。 台中市議員(民)楊典忠說,「台中市政府首長,確診人數應該也是另類六都第一。」 台中市議會總質詢,綠營議員詢問市長盧秀燕,局處首長、市府同仁染疫情況,沒想到,竟得到這樣的回應。台中市長盧秀燕說,「我看到一個新聞,總統府450名員額有140人確診占1/3,本府有4萬多的員工,現在有1078人是占1/40,不應該過度苛責。」 盧秀燕拿總統府確診率比一比,只是數字,似乎有問題,總統府發言人張惇涵發臉書駁斥,而蔡其昌陣營發言人議員陳世凱更質疑,盧秀燕是否放假消息。 台中市議員(民)陳世凱說,「總統府實際的染疫人數,只有14%,這樣的公開造謠跟抹黑,試圖轉移焦點作法,非常不恰當也非常不健康。」 台中市新聞局長鄭照新說,「引用的確診人數,是總統府公開資訊,所以確診人數這方面,沒有錯誤,第二個在引用分母的狀況,是引用總統府的法定編制員額,市長她的分母計算有其依據。」 市府出面解釋,市長引用的數據,是總統府職員編制員額401人到469人,以確診171人來算,大約3分之1,但總統府算法,包含所有單位人數共1162人,算下來,確診率約14.7%,雙方母數,認定落差,意外引爆藍綠論戰,而假訊息爭議,還有這一件。 台中市議員(國)羅廷瑋說,「假訊息引起社會恐慌,這才是真正的惡假害。」 台中兒童疫苗只打7200劑假訊息圖卡,雖然發文已下架,但市府持續追查後面製圖影武者。 台中市新聞局長鄭照新說,「這樣是否系統性散佈謠言,或者是個人行為,這方面仍有追查調查的空間。」 台中市長參選人(民)蔡其昌說,「3天只打7000多劑,所以沒有問題啊,那個是大家挑戰的東西,所以大家在挑戰東,盧市長在解釋西。」蔡其昌質疑盧市府聲東擊西,轉移焦點,從兒童疫苗施打,到市府確診率,藍綠過招,攻防不斷。",https://www.ftvnews.com.tw/news/detail/2022602C01M1,民視,一般,陳仕承、蔡枘埏
1654121234.0,台北國際書展今開幕 新增設「烏克蘭展區」,"台北國際書展睽違兩年登場,不只副總統賴清德親自參與開幕,並代表總統蔡英文對參展的21國代表表示感謝。而且這次除了主題法國之外,還特別設置「烏克蘭展區」,策展人受訪時,也特別感謝台灣支持烏克蘭。 「台北國際書展」睽違兩年,排除疫情萬難,終於在週四(6月2日)登場,副總統賴清德感謝各國代表來台共襄盛舉。副總統賴清德說,「首先我要代表蔡英文總統,熱烈歡迎來自國際社會21個國家的貴賓,參與這一次的盛會。我也要跟出版界各位朋友說一聲辛苦了,在這個過程當中,大家排除了各種困難。」 文化部長李永得說,「台灣是一個非常重視出版自由的國家,可以說是100%的自由,這個也得到國際的認證。」 文化部希望建立台北書展的「品牌」,而且這次不只21國來台參加書展,更特別的是,還有這個「烏克蘭展區」。烏克蘭Yakaboo國際事務主任Valentina Butenko說,「這本書誠實地陳述了烏克蘭每一代人承受的苦難,他們還在堅持著他們的認同。」 介紹起烏克蘭作品,作者還剛好是策展人的媽媽,來台參加書展更讓她難以想像。因為就在幾個月前,他還和家人躲在烏克蘭的防空洞裡面,她也代表烏克蘭人向台灣帶來感謝。 烏克蘭Yakaboo國際事務主任Valentina Butenko書,「台灣對烏克蘭的支持令人難以置信,是你們的國家認同也被其他的力量否定,還想要抹去,不讓你知道你是誰。」 有朋自遠方來,溫紳送上禮物,包括120盆的烏克「蘭」,希望表達台灣的支持,一直和烏克蘭站在一起。",https://www.ftvnews.com.tw/news/detail/2022602P06M1,民視,政治,楊喻晴、吳東懋
1654121183.0,端午節前與呂玉玲「破冰」?張善政:努力聯繫,"國民黨桃園市長參選人張善政,持續深入地方請益,今天(2日)上午到觀音,拜會地方重要人士及宗親會,在地兩位議員參選人也到場支持,對張善政擔任母雞有信心。但是何時和立委呂玉玲破冰?依舊沒答案。 大喊凍選,營造大團結,國民黨桃園市長參選人張善政,地方請益之旅來到觀音,身旁除了已經連3天陪同的前副縣長廖正井及立委張育美,在地兩位議員參選人也來了。 桃園市議員參選人(國)吳進昌說,「張善政真的是我們桃園市的福氣,以他院長資歷能力跟操守,來當我們的市長當然是最好的,當然有信心。」 桃園市議員參選人(無)許更生說,「小弟雖然用無黨籍參選,可是如果有機會,就分一些選票給我。」 兩位小雞到場力挺,無黨籍參選人許更生也向藍營靠攏,畢竟觀音區向來綠大於藍,國民黨要拚翻轉,恐怕沒那麼簡單。張善政搬出過去經驗,喊出執政不分藍綠,拉攏中間選民。 桃園市長參選人(國)張善政說,「0206台南地震的時候,我下去多少次,那時候賴清德是台南市長,我從來不覺得台南市,因為是綠營陣地,我就疏忽救災事情,不分藍綠只重視做事的人。」 國民黨觀音區黨部主委楊逢時說,「我們所有整個婦女會,我們所有黨員各項組織,支持一個沒有爭議的張善政院長,他是很棒的最佳人選。」 有地方黨部支持,張善政離整合又更進一步,但外界仍關心,有沒有可能在端午節前破冰立委呂玉玲,張善政老話一句。 桃園市長參選人(國)張善政說,「一直都在努力,謝謝。」。",https://www.ftvnews.com.tw/news/detail/2022602P04M1,民視,政治,翁有繼、莊柏驊
1654119862.0,六四滿33週年「台灣沒有忘」 外交部:鼓勵中國人民不放棄爭取民主,"中國「六四天安門事件」將滿33週年,外交部發言人歐江安今在外交部例行記者會上,悼念當年犧牲的中國民眾,鼓勵中國人民不要放棄爭取民主,堅持理想、相信自由、捍衛人權。 歐江安表示,6月4日即將是1989年中國天安門屠殺事件滿33週年。今年香港已無法再舉辦任何弔念六四天安門的活動;但是在台灣沒有忘記。歷史不容抹煞、事實不容扭曲;我們深深弔念在中國有成千上萬的民眾為爭取民主所做的犧牲與奉獻。 外交部說,但願台灣的民主歷程能提供借鏡,鼓勵中國人民不要放棄爭取民主,堅持理想、相信自由、捍衛人權。在六四將屆滿33週年之際,為無數中國民主鬥士表達敬意。",https://www.ftvnews.com.tw/news/detail/2022602W0155,民視,一般,
1654118651.0,台美21世紀貿易倡議將啟動 外交部:有助台灣與全球經濟連結,"行政院昨晚宣布啟動「台美21世紀貿易倡議」,外交部發言人歐江安今表示,此倡議為未來簽署台美高標準的經貿協定談判規劃路徑圖,台美雙方約定於6月底前在美國華府召開第一次協商會議,台美可望發展出更全面、實質且領先的經貿夥伴關係,有助於台灣與全球經濟的連結,深化台美未來在印太區域的經貿合作。 我國行政院政務委員鄧振中曾於5月20日與美國貿易代表戴琪(Katherine Tai)在泰國曼谷會談;鄧政委及美國副貿易代表畢昂琪(Sarah Bianchi)並於6月1日進行視訊會議。行政院於昨晚宣布啟動「台美21世紀貿易倡議」(U.S.-Taiwan Initiative on 21st Century Trade),為未來簽署台美高標準的經貿協定談判規劃路徑圖。「台美21世紀貿易倡議」涵蓋11項討論議題,包括:強化數位貿易、貿易便捷化、法規訂定原則、中小企業、環境保護與氣候行動、農業、反貪污、勞工、標準、國營企業、非市場經濟政策;均是當前印太區域經貿發展的重點,凸顯台美互為彼此優先貿易夥伴(priority trading partners),具有重大戰略意涵。 台美雙方並約定於6月底前在美國華府召開第一次協商會議。對於台美宣示雙邊經貿關係邁入嶄新階段,外交部表達高度歡迎與支持;在雙方均有高度協商意願及動能情況下,相信台美21世紀新貿易倡議將能很快獲致具體成果。外交部表示,台美之間已具備良好堅實的經貿對話平台,如台美《貿易暨投資架構協定》(TIFA)、「經濟繁榮夥伴對話」(EPPD)及「科技貿易暨投資合作架構」(TTIC)等,現有機制將持續運作,並與台美21世紀經貿倡議成互補作用。外交部指出,透過這次嶄新的倡議,台美可望發展出更全面、實質且領先的經貿夥伴關係,有助於台灣與全球經濟的連結,深化台美未來在印太區域的經貿合作。透過台美21世紀經貿倡議,期待能制定高標準的經貿規範,為印太經濟合作形成示範效果、提升台灣在區域經貿議題的領導地位。 外交部長吳釗燮昨也提到,台美經貿倡議有助我國爭取參與「跨太平洋夥伴全面進步協定」(CPTPP)及「印太經濟架構」(IPEF)等區域經貿整合機制。外交部將繼續和國內經貿相關部會共同合作,推動台美後續的協商過程,共同促進印太區域的自由、開放、穩定與繁榮。",https://www.ftvnews.com.tw/news/detail/2022602W0142,民視,一般,
1654118428.0,南韓僅認WHO緊急授權使用疫苗未納高端 外交部:韓方研議中,"南韓政府宣布,6月1日起重新對一般國家(Level 1)民眾開放短期訪問簽證(C-3)、電子簽證,其中包括台灣。不過,南韓政府目前僅採認「WHO緊急授權使用疫苗」,高端疫苗尚不在認證範圍內,對此,外交部今表示,南韓相關機關正在研議中。 對於南韓政府目前僅採認「WHO緊急授權使用疫苗」,外交部表示,我國自2021年已將「高端疫苗」相關資料提供給韓國政府,力洽接種高端疫苗的我國民眾未來能順利赴韓國旅遊。韓方表示由於疫苗認證涉及多項醫衛專業技術議題,目前仍由韓方相關機關研議中。外交部將持續密切注意相關進展,並與韓方相關單位保持聯繫。 日前南韓政府宣布,6月1日起重新開放C-3短期訪問簽證的申請,只要是疫情屬於一般國家(Level 1)級別的國家或地區,不論是團體或個別觀光、探親、商業活動,都可以申請來南韓,其中包括台灣。 南韓政府表示,只要是完整接種WHO緊急使用清單的疫苗廠牌疫苗者,6月1日開始若持C-3短期訪問簽證入境韓國,就能免除7天隔離限制,疫苗廠牌包括Moderna(莫德納)、 Astra Zeneca(AZ)、BNT等,以上廠牌疫苗接種2劑(嬌生疫苗為1劑)後滿14~180天、或接種完3劑者、混打上述疫苗者同樣符合資格。",https://www.ftvnews.com.tw/news/detail/2022602W0148,民視,一般,
1654117339.0,外媒評「台美21世紀貿易倡議」對抗中國 羅秉成:有助亞太地區和平穩定,"紐約時報評論,台美依「台美21世紀貿易倡議」啟動談判,此舉意在挑戰中國貿易作為、對抗中國在亞太地區的影響力。對此,行政院發言人羅秉成今回應,「這樣經貿關係建立跟深化,有助於亞太地區和平穩定」。 今行政院會後記者會中,針對台美將依「台美21世紀貿易倡議」啟動貿易談判議題,有媒體問及,在台美雙方溝通過程中,是否有觸及第三方干預,美方是否有就中國因素溝通? 羅秉成表示,這是台美深化雙方經貿關係重大突破,會談過程中,並沒有涉及太多政治上議題,包括第三方問題並沒有。在國際局勢上,中美貿易對抗問題,疫情對國際經濟衝擊,大家都看到國際供應鏈上,台灣關鍵性地位,尤其半導體作為全球製造中心,因此開展台灣與國際之間的貿易,包括加速與其他國家合作,加入國際經貿組織。 羅秉成強調,這個議題比較偏重經貿議題,中間討論過程,並沒有在第三方干涉議題上多所著墨,台灣在經貿議題上翻新一頁,要往下個新里程邁進,不樂見有太多其他政治干擾,順利推動台美之間貿易協定。至於紐約時報評論「台美21世紀貿易倡議」意在挑戰中國貿易作為、對抗中國在亞太地區的影響力。羅秉成回應,「這樣經貿關係建立跟深化,有助於亞太地區和平穩定」。",https://www.ftvnews.com.tw/news/detail/2022602W0139,民視,一般,
1654116398.0,蔡總統將紅隼火箭扛上肩 大讚很好操作,"總統蔡英文在端午前夕,赴海軍陸戰隊66旅,與國防醫學院視導,頒發加菜金感謝官兵連假留守,同時也看了刺針、標槍與國造的紅隼飛彈等,我國重要的不對稱作戰武器,蔡總統更在軍方引導下,將紅隼火箭發射器扛在肩上試瞄,誇讚紅隼飛彈不會重、很好操作。 3天端午連假就要開始,但國防沒有假期,總統蔡英文在假期開始前,到海軍陸戰隊66旅和國防醫學院預防醫學研究所,視導慰勉。 送上加菜金感謝國軍官兵們的辛勞,總統對中科院生產的紅隼反裝甲火箭,特別感興趣,光是看還不夠,索性直接操作。 總統 蔡英文說,「這個女生也可以操作。」 在旁人指導下,總統扛起紅隼飛彈,並做出標準發射動作。 實際感受飛彈發射器在肩上的重量,紅隼飛彈獲得蔡總統高度讚賞。 紅隼火箭為中科院研發製造,是我國陸軍現役主力反戰車武器,射程可達400公尺,設計上採拋棄式射擊,打完就丟不必裝填,沒有被敵軍撿拾的問題,僅需1人就可操作,機動性高。 除了紅隼飛彈,還有標槍反坦克飛彈和刺針防空飛彈,共同構築我國不對稱戰力,軍備局生產的T108輕型狙擊槍,有效射程可達1000公尺,也首度在媒體前曝光,除了武器裝備,主官也是一大亮點。 海軍陸戰步一營步三連長 洪鈺珊說,「身為這個單位的女性主官,生活 訓練都跟部隊在一起,我覺得這跟性別沒有關係,那當然我以身為女性的上尉連長為榮,美軍健身的風氣比較盛行之外,其餘我覺得國人展現出來的軍事實力,也跟美國相當。」 海陸66旅負責北部政經中樞防守,肩負反斬首重責,全體官兵士氣高昂,展現保家衛國決心。",https://www.ftvnews.com.tw/news/detail/2022602P01M1,民視,政治,蔡佩樺、楊柏玨、楊凱安、沈培智桃
1654115658.0,訪美為2024試水溫? 朱立倫:這是政黨外交,"國民黨主席朱立倫,展開10天訪美行程,不過這回出訪的4大城市,舊金山、紐約、華盛頓、洛杉磯的行程,和當年2015年角逐總統大位時的出訪行程有些雷同,遭外界解讀是為2024試水溫,朱立倫強調這是政黨外交。但出關時,差點把禮遇通道,走成一般通道,趕快自嘲是平民,試圖化解尷尬。 就怕外界不知道國民黨重返華府決心,黨主席朱立倫搭機前,再高調對鏡頭宣示,要和美國重新搭起溝通橋樑,並關心海外的黨員同志。 朱立倫再喊團結,10天的訪美行程,第一站將造訪舊金山,之後再到華盛頓、紐約、洛杉磯,並拜會美國兩大政黨、替國民黨駐美代表處揭牌,同行的包括擔任過前駐美代表的副主席夏立言、國際部主任黃介正等人,頗有帶路意味。不過這行程怎麼跟當年2015年,角逐總統大位時,出訪美國的行程有些雷同,難道是在為2024試水溫嗎? 朱立倫嘴上說,沒有想2024,而是以黨主席身分出訪,只是,通關的時候,卻忘了自己的身分,不自覺的往禮遇通道走。 不能走禮遇通道,看得出來朱立倫有些不習慣。不過,連兩次縣市長徵召都出狀況,似乎習以為常。苗栗縣長的提名搞不定,傳出立委徐志榮,公開拒絕黨中央徵召的原因,就是擔心地方勢力反彈,無法整合,他似乎不擔心。 黨內風暴擱一旁,修補對美關係才是首要,朱立倫的挑戰重重。",https://www.ftvnews.com.tw/news/detail/2022602P02M1,民視,政治,周秉瑜
1654113828.0,快卸任才開始救年輕人失業率? 林穎孟轟夢一場:柯文哲根本騙票,"台北市長柯文哲8年前參選時開出許多青年政見,積極拉攏年輕選民,然而,北市議員林穎孟今(2)日痛批,柯文哲曾說「做夢是年輕人重要的文化」,8年了,數據顯示根本只是騙票、夢一場,卸任前2年才開始做年輕人就業政策,效果不彰的結果甚至要在卸任後才能夠有研究報告。 林穎孟表示,相信很多人有印象,8年前的柯文哲積極地拉攏年輕選民,也寫了很多政見在柯P新政當中,但當她詢問市長要給年輕人什麼樣的「台北夢」時,柯文哲卻數度模糊表示是「提供一個平台讓大家發揮」,還說他也只能做到這樣,如此消極的回應與8年前剛上任時簡直判若兩人。 林穎孟指出,數據上看來,近年台北市人口不斷流失已經是鐵錚錚的事實,其中有很大一部份便是準備成家的30-39歲青年族群,他們無法負擔在台北市成家立業所需要的龐大成本,而需要遷出至外縣市。更令人費解的是,青年失業率在柯文哲任內更是屢創新高,20-29歲為甚,尤其年輕女性最為嚴重,比郝市府時期還不如。 林穎孟說,雖然柯文哲表示有促進青年就業率的政策,但從客觀數據來看,這些政策幾乎完全無效,且柯文哲自爆,「是因為政策近兩年才做,成效有待觀察,要等到他卸任後才看得出來」。林穎孟直呼,很驚訝這位8年前就已經標榜友善青年的柯市長,相關就業政策卻是近2年才開始做,實在太離譜! 林穎孟提及,她也詢問是否清楚近年年輕女性失業率創新高的原因,柯文哲表示目前沒有研究,既有的研究也沒有分開調查。林穎孟說,事實上性別是就業情況和社會結構中極為重要的因素,「然而柯市長任內卻總是竭盡所能地催促年輕女性結婚生子,好像女性沒工作就乾脆結婚生小孩一樣,我認為這不應該是台北市的價值」。 林穎孟痛批,在她的要求之下,柯文哲才承諾會盡快針對年輕女性的高失業率問題做出調查報告,「但都要卸任了才想到要做,連報告都要卸任了才可能拿出來!顯然柯市長過去根本在騙年輕人選票」。 林穎孟批評,台北市青年最基本的就業成家,柯文哲都把問題創造歷史新高!而且都要卸任了才在急就章、該做的研究也沒有做,完全沒有實際改善成果,事實證明,柯文哲8年來的青年友善口號,根本只是為了騙票而已。",https://www.ftvnews.com.tw/news/detail/2022602W0120,民視,一般,
1654113591.0,台美經貿30年來重大突破 民進黨:朱立倫才出發訪美、國民黨急著唱衰,"行政院昨晚宣布將與美國啟動「台美21世紀貿易倡議」,國民黨立法院黨團批評是標準的大內宣。民進黨發言人李妍慧今天反批,國民黨主席朱立倫出發訪美之際,國民黨卻不願樂見台美關係有更好發展,急著唱衰台美關係,難道這就是朱立倫所謂的「重返美國」的態度?國民黨又要再一次用兩面手法欺騙社會嗎? 李妍慧表示,台美預計於6月底進行「21世紀貿易倡議」,是台美經貿30年來的重大突破,可望深化雙邊經貿關係的具體做法,其內容包括法規、協助中小企業貿易、數位貿易等11項貿易談判。 李妍慧指出,從TIFA會議的復談、科技貿易暨投資合作架構(TTIC),以及經濟繁榮夥伴對話(EPPD),一路到昨晚行政院記者會宣布的「台美21世紀貿易倡議」,明確提出11項具體的談判內容,是有節奏在拓展台美貿易進程,絕非是如國民黨酸葡萄言論,批評沒有具體進展實質內容。面對急速變化的外部環境,必須要建構台灣的韌性,延續先前既有的基礎,再深化經貿的接觸與互動。 李妍慧強調,「台美21世紀貿易倡議」在昨晚行政院宣布後,除了國民黨唱衰外,國內產業界都給予正面的肯定,像是工商協進會理事長林伯豐表示,「政府努力建立與美方的對話管道,仍值得高度肯定。」全國工業總會也認為,台美經貿倡議談判議題,接近印太經濟架構(IPEF)觸及的格局,有助於台美方談判貿易暨投資架構協定(TIFA)。 此外,國內多位知名經貿學者認為,即將舉行的貿易倡議,是具有前瞻性的貿易議題,有助台美貿易合作更深化互動,如中經院資深副執行長李淳更是認為,這次倡議要談判的議題,已達到與歐盟、英國談判相同水準,已經認定台灣是「貿易盟邦」層級。 李妍慧表示,台美之間的關係,不論是外交關係,還是經貿發展,這幾年來,都是往正向且緊密的方向前進,奉勸國民黨不要一直用酸葡萄言論,去看衰台美間的正向發展,更不要一面在台灣顯露親中立場,一面要去美國表演親美態度,大玩兩面手法。",https://www.ftvnews.com.tw/news/detail/2022602W0116,民視,一般,
1654113129.0,斯洛伐克國會副議長6月5日率團訪台 晉見總統蔡英文,"斯洛伐克國會副議長勞倫契克(Milan Laurencik)偕國會友台小組主席歐舒斯基(Peter Osusky)議員及布拉提斯拉瓦(Bratislava)省省長德若巴(Juraj Droba)等國會議員及官員共10人,於6月5日至10日聯合組團訪台,推動台斯國會及城市交流,深化雙方經貿及科技等各領域合作關係。訪賓此行將晉見蔡英文總統、拜會行政院長蘇貞昌、立法院長游錫堃、外交部長吳釗燮。 外交部表示,繼2021年12月斯洛伐克經濟部次長葛力克(Karol Galek)率團訪台後,斯國國會副議長勞倫契克(Milan Laurencik)偕國會友台小組主席歐舒斯基(Peter Osusky)議員及布拉提斯拉瓦(Bratislava)省省長德若巴(Juraj Droba)等國會議員及官員共10人,訂於本(2022)年6月5日至10日以外交泡泡方式聯合組團訪台,以推動台斯國會及城市交流,並深化兩國經貿及科技等各領域合作關係。外交部對勞倫契克副議長、德若巴省長聯合訪問台灣表達誠摯歡迎。 此次訪團成員包括外交、國防、財政及歐洲事務四個委員會的跨黨派重量級國會議員席曼諾娃(Anna Zemanova)、列霍茨基(Tomas Lehotsky)議員、齊阿克(Miroslav Ziak)議員、史丹奇克(Andrej Stancik)議員,以及布拉提斯拉瓦省馬拉基(Malacky)市市長瑞哈(Juraj Riha)、布省主任秘書烏曼妮柯娃(Andrea Urmanicova)及禮賓處副處長康斯卡(Michaela Kunska)等官員,為兩年疫情以來斯洛伐克國會領袖及重要行政首長首度聯合組團訪問我國,充分顯示斯洛伐克政府不論中央及地方對於拓展台斯兩國關係及深化雙方情誼的高度重視。 外交部指出,訪賓此行將晉見蔡英文總統、拜會行政院長蘇貞昌、立法院長游錫堃、外交部長吳釗燮、科技部次長陳宗權及衛福部等;游院長及吳部長將分別設宴款待。訪團行程亮點包括吳部長將頒贈外交睦誼獎章給歐舒斯基友台小組主席,表彰他對深化台斯關係的貢獻,雙方也將簽署「台斯民事暨商事司法合作協議」。其他行程包括中央研究院生技研究園區、工業技術研究院、國家實驗研究院半導體研究中心、電機電子工業同業公會;訪團也將赴高雄拜會市長陳其邁,並由德若巴省長與陳市長簽署夥伴締盟協定、舉行招商說明會及參觀相關市政建設。 外交部表示,勞倫契克副議長及友台小組主席歐舒斯基均為台灣長期友人,推動國會通過友我決議案不遺餘力;斯洛伐克國會自上年外交委員會首次通過支持台灣參與「世界衛生大會」(WHA)決議案,本年國會外交、衛生及歐洲事務三個委員會於一週內連續通過三個支持台灣參與WHA的決議文,肯定我國防疫典範及援助烏克蘭難民的人道義舉,同時支持台灣參與世衛組織。此外,在去年我國疫苗短缺之際,勞倫契克副議長及友台小組主席歐舒斯基均敦促斯國政府捐贈我國16萬劑疫苗,展現斯國國會對台灣的鼎力支持。 外交部提到,德若巴省長擔任國會議員期間曾三次訪問台灣,並協助推動 「避免雙重課稅協定」、「免試互換駕照協定」及「打工度假」等台斯雙邊重要協定。此行是第二度以省長身分訪台;高雄市於2020年底捐贈布拉提斯拉瓦省30萬片口罩,開啟兩國地方政府「善循環」的交流合作。德若巴省長此行將與高雄市締結夥伴協定,並親自主持招商說明會,以增進布拉提斯拉瓦省與高雄市的貿易往來及投資商機。 外交部強調,訪團此行不僅凸顯斯洛伐克的友台力量不斷成長茁壯,更展現民主盟友不遠千里相互扶持的堅定力量。外交部期盼透過訪團此行深入交流,進一步深化台斯緊密夥伴關係,共同提升全球民主的團結與韌性。",https://www.ftvnews.com.tw/news/detail/2022602W0114,民視,一般,
1654113017.0,啟程訪美修補關係? 朱立倫:國民黨親美路線從未改變,"國民黨主席朱立倫今日上午出發訪問美國,朱立倫指出,此行最主要目的是國民黨重返華府,讓更多美國朋友知道在華府可隨時找到國民黨。不過民進黨昨日提出4大問題,呼籲朱立倫應遏止國民黨在國內操作反美疑美、在華府親美的雙面作法。朱立倫回應,國民黨親美路線從來沒有改變。 朱立倫今日出發訪問美國,今日上午在機場受訪時表示,此行最重要的目的是國民黨重返華府、重返美國,國民黨駐美代表處正式揭牌啟用,最主要是讓更多美國朋友知道隨時可以在華府找到國民黨,也聽到國民黨的聲音。 這次朱立倫以黨主席身分訪問美國,不過路線很像總統候選人身分,朱立倫回應,完全是不同心情,之前曾經以縣市長身分,或在縣市長卸任後訪問華府,這次以黨主席身分訪問,都分別有不同角色。他說,總統候選人是另一回事情,那是未來國民黨提出候選人或民進黨提出候選人後跟美方的接觸,這次是政黨外交,以及表達國民黨跟美國同為民主自由的立場。 對於民進黨提出4大問題,認為國民黨是要修補反美路線與美國的關係,朱立倫回應,國民黨親美路線從來沒有改變,這次去是要再次確認跟美國同為民主自由國家,堅定民主自由的立場從未改變。 至於國民黨徵召立委徐志榮參選苗栗縣長,但徐志榮拒絕,朱立倫表示,主要縣市國民黨的提名大多已經完成,苗栗的部份只是地方團結的過程,秘書長與選策會的成員再辛苦一點,等更成熟團結後再來徵召。",https://www.ftvnews.com.tw/news/detail/2022602W0110,民視,一般,
1654111810.0,雲林同鄉會千人連署力挺林佳龍參選台北市長 喊話蔡英文徵召,"各黨佈局九合一大選,國民黨提名立委蔣萬安參選台北市長,北市副市長黃珊珊也有意參選,但民進黨的人選卻遲遲未決定。旅北雲林同鄉會今(2)日召開記者會力挺林佳龍參選台北市長,並寫了「給蔡英文總統的一封信」,大讚林佳龍是「最接地氣的交通部長」、「台灣政壇的典範」,呼籲蔡英文徵召林佳龍,並已將部分連署送到民進黨黨部。 2022年底台北市長選戰民進黨人選備受關注,前副總統陳建仁、衛福部長陳時中及前交通部長林佳龍都被點名。旅北雲林同鄉會今召開記者會力挺林佳龍,強調林佳龍當過立委、市長、交通部長政治經驗可以說是非常豐富,參選條件好 、有競爭力,當選率也高,民進黨台北市要贏林佳龍是最適合人選,連署幾千份已有一部分送到民進黨黨部。 旅北雲林同鄉會也寫了「給蔡英文總統的一封信」呼籲徵召林佳龍參選台北市長,信中從「觀光」、「治理」、「產業與國際視野」、「防疫」4面向細數林佳龍的經歷,大讚他是最接地氣的交通部長,並說林佳龍在台中十年磨一劍的故事,「已是台灣政壇的典範」,台北需要一位懂產業、懂趨勢、知國際的治理人才,相信林佳龍具備這樣的條件與格局。 旅北雲林同鄉會強調,一旦林佳龍參選雲林鄉親一定大力支持,希望民進黨重視這力量,希望蔡英文提名林佳龍參選,最後也一起高喊口號,「民進黨支持林佳龍,蔡英文主席提名林佳龍」。 媒體也追問,記者會有先跟林佳龍聊過?有沒有什麼態度?旅北雲林同鄉會回應,「這是我們主動要舉辦的,但當然有跟他們講一下」。",https://www.ftvnews.com.tw/news/detail/2022602W0103,民視,一般,
1654111659.0,視察陸戰隊66旅 蔡英文親扛「紅隼反裝甲火箭」:蠻好操作的,"端午節即將到來,總統蔡英文今日前往視察慰勉海軍陸戰隊陸戰66旅,聽取武器簡報時,蔡英文主動扛起國造「紅隼反裝甲火箭」,還表示不覺得重,「蠻好操作的」。 總統蔡英文今日前往下湖西營區慰勉「海軍陸戰隊陸戰66旅」,包含國防部邱國正等人陪同,期間聽取官兵簡報及視察官兵實地操作武器。 官兵介紹國造「紅隼反裝甲火箭」,重量(含彈)約5公斤,口徑67公厘,全長111公分,有效射程可達400公尺以上,最大射程1200公尺,穿甲深度達40公分,可攻擊裝甲車輛等兼顧目標,還可結合夜視鏡持行夜間作戰任務。 看完官兵演練後,蔡英文主動要求拿近看仔細,並親手拿起國造紅隼反裝甲火箭使用,更將其扛在肩上操作。這時有媒體問說,「總統拿起來很重嗎?」蔡英文則說「不會啊,我就是在試它的重量,蠻好操作的」。後來蔡英文也再與軍方人士確認姿勢及動作,再次扛在肩上,意外成為焦點。 接著官兵介紹美造標槍飛彈,並闡述其為烏俄戰爭烏克蘭軍隊所用武器,大量摧毀俄軍反裝甲部隊,現場由男女實際演驗,蔡英文也主動詢問女兵「21公斤拿起來會吃力嗎?」,後來媒體問說「總統沒有要試一下嗎?」蔡英文則笑說剛剛有女兵做操作了,請大家給她們拍手鼓勵。最後還視察了T108輕型狙擊槍,蔡英文也親自拿起嘗試重量。",https://www.ftvnews.com.tw/news/detail/2022602W0101,民視,一般,
1654109921.0,北市府公務員、勞工確診待遇差很大 蔡炳坤:我苦民所苦不會領補償金,"本土COVID-19疫情延燒,台北市府遭爆,公務員與勞工確診待遇卻差很多!公務員給7天公假、免扣薪,有3千至10萬元補償金,反觀勞工只能請病假、領半薪,請領勞保傷病給付頂多領3053元。台北市副市長蔡炳坤今簡短回應,勞動局有在做相關研議。而他本身才剛確診出關,蔡炳坤表示,不會請領補償金,要苦民所苦。 蔡炳坤今日出席台北流行音樂中心活動,會前受訪被問及,確診康復會不會請領補償金,他直言,「我不會」,因為薪水都是國家給的,要苦民所苦,自己每天領薪水且都是固定生活沒匱乏。他提及,市府今天早上花很多時間談紓困,這社會有很多人是需要幫助的,除了已公布的9大方案外,還會進一步提出紓困更具體幫助。 有民眾向媒體投訴,北市府公務員與勞工確診所受的待遇天差地遠,公務員可給公假免扣薪水,勞工只能請病假領半薪,傳出還有公務員出院後繼續用後遺症請延長病假,最多請到1年仍照領薪水等,勞工卻怕被資遣扣薪,而不敢請假休養。蔡炳坤對此簡短回應,勞動局有在做相關研議。 而大部分縣市宣布下週維持遠距教學,台北市則宣布,國小與幼兒園疫苗6月3日前接種完畢,並於6月6日恢復實體到校上課。對於有家長擔憂,孩子剛施打完尚未有保護力,蔡炳坤表示,5/5開始打兒童莫德納疫苗、5/21開打兒童BNT疫苗,每個人達到保護力的情況不一樣,家長可以幫小孩請疫苗假或防疫假,不用擔心。 媒體追問,台北市拚6月3日前打完兒童疫苗,有醫護爆料,被要求穿防護衣在室外或無冷氣空間工作,忙到淪為「打針機器」而中暑。蔡炳坤說,每個學校的情況或許會有個案,已經請教育局檢討應變,到今天全部打完。他表示,醫護人員真的是辛苦了,昨視察有學校有把動線弄好分內外,給醫護人員與孩子好的接種環境。",https://www.ftvnews.com.tw/news/detail/2022602W0083,民視,一般,
1654109545.0,「台美21世紀貿易倡議」將啟動11項談判! 蔣萬安嗆:只是大內宣,"行政院昨晚宣布台灣與美國正式推動「台美21世紀貿易倡議」,就減碳、反貪汙等11個項目展開密切談判,首次會議預計將於本月底在美國華府舉行。外交部表示,這項倡議有助於台灣與全球經濟的連結,深化台美未來在印太區域的經貿合作。然而,國民黨台北市長參選人、立委蔣萬安今(2)日大酸,大陣仗辦記者會,但沒看到實質內容,只是大內宣。 行政院昨召開「深化台美經貿關係重大成果記者會」,發言人羅秉成宣布正式推動「台美21世紀貿易倡議」,以具體行動深化雙邊關係。總統蔡英文表示,倡議啟動後,台美將開始進行談判,目標是達成高標準且具經濟意義的貿易協定。 然而,蔣萬安今席萬華區福音里端午節活動接受媒體聯訪被問到此事時卻大酸,行政院大陣仗舉辦記者會,但沒有看到任何實質的內容,沒有看到雙方官員簽字 、沒有法律約束力,包括大家關心的降低關稅、市場准入、貿易自由化課題也沒看到詳實敘述,「我想這部分只是再一次的大內宣而已」。 政委鄧振中昨日在記者會中說明,在此目標下有11個談判項目,包括貿易便捷化、法規訂定原則、減碳、農業、反貪汙、協助中小企業貿易、掌握數位貿易所帶來的利益、推廣以勞工為中心的貿易、支持環境及氣候行動、標準與國營企業、非市場政策及做法。 鄧振中說,台美多年來期望展開的貿易談判已開始,他相信談判結果可為未來台美關係發展建立更大經貿合作空間,雙方談判議題相當廣泛,且都是對台美合作最有利的議題,未來還會擴大。對於媒體追問是否代表離雙邊簽署雙邊貿易協定(BTA)、自由貿易協定(FTA)更近了,他也樂觀回應,「是的」。 《紐約時報》則指出,「台美21世紀貿易倡議」啟動台美談判,是在對抗中國在亞太地區的影響力。",https://www.ftvnews.com.tw/news/detail/2022602W0081,民視,一般,
1654108218.0,再批大巨蛋政治操作! 蔣萬安酸:現在市府還要自己收爛攤,"大巨蛋延宕多年後復工,台北市府日前正式宣布營收分潤的計算方式,權利金爭議告一段落,遭國民黨台北市長參選人、立委蔣萬安痛批,柯文哲當年喊大巨蛋為五大弊案,現在看是政治操作。針對被質疑談大巨蛋卻沒談到馬英九跟郝龍斌,是避免批評黨內前輩。蔣萬安今(2)日受訪時再批,大張旗鼓喊的五大弊案,現在看起來就是政治操作,他更狂酸,「現在市府還要自己的爛攤自己收」。 北市府日前召開記者會,說明大巨蛋營收分潤的計算方式。副市長黃珊珊指出,兩年來議約成果,與建商遠雄達成包底抽成共識,大巨蛋營業收入在預估收入百分之百以下部分,分潤計收比率區間在0.6%至1.2%間;大巨蛋只要開始營運有營收1000元,北市府就會分得6元回饋市民。 大巨蛋的權利金爭議告一段落,不過蔣萬安批評,柯文哲當年喊大巨蛋為五大弊案,現在看是政治操作。台北市長柯文哲則強調,每次一直在問當年怎樣,他後來覺得不想浪費時間討論當年問題。 蔣萬安今出席萬華區福音里端午節活動時再被媒體追問,他談論大巨蛋時沒有提到前總統馬英九和前台北市長郝龍斌,是否是不敢批評黨內前輩?蔣萬安再次痛批,大巨蛋延宕8年空轉虛耗,當時大張旗鼓喊的五大弊案,現在看起來就是政治操作。 蔣萬安酸,「現在市府還要自己的爛攤自己收」,沒有這樣的延宕大巨蛋可以創造的整體經濟效益、週邊產值,甚至市民享用場館的權益早就可以大家共享,這場鬧劇後真正的輸家還是台北市民,市民希望爭議盡快落幕,趕快完成最後一哩路,讓市民可以有優質場館可以使用。 媒體也追問,民進黨若派出前交通部長林佳龍或是衛福部長陳時中,誰的威脅最大?蔣萬安表示,「民進黨內部事情不做評論」,再三強調在疫情當下最重要是了解在地民眾心聲跟想法,不斷在做也持續在做,提供相關服務跟資源。",https://www.ftvnews.com.tw/news/detail/2022602W0074,民視,一般,
1654106613.0,桃園市長選舉繼續走下去? 羅智強:會做出不違大家期待的選擇,"前台北市議員羅智強發起行腳祈福活動,但日前因發言人何元楷快篩陽性而喊卡,羅智強今天表示,經過7天自主健康監測後,明天繼續為桃園行腳祈福;對於行政院長張善政參選以桃園市長選舉他要不要繼續走下去,他也說會利用端午連假整理想法,下週再向外界報告,且會努力做出「不違從政初衷,也不違大家期待的選擇」。 羅智強為了參選桃園市長,先是辭掉台北市議員,又到桃園龜山買房,但國民黨最後提名前行政院長張善政選桃園,讓基層相當錯愕且強烈反彈,羅智強之後發起「祈福走桃園」計畫,張善政與也來合體行腳,展現兩人交情。 因何元楷確診,羅智強行腳暫時喊卡進行自主健康監測,他今天在臉書表示這7天每天快篩陰性,身體也很健康,因此明天出關,繼續為桃園行腳祈福,閉關這7天也思考了許多事情,有了大致的方向。 「對於張善政院長的參選,我如何看待?桃園市長選舉,我要不要繼續走下去?」羅智強說,會利用端節連假把想法好好整理,「下周,再向大家報告」,也表示會努力做出不違從政初衷,也不違大家期待的選擇。",https://www.ftvnews.com.tw/news/detail/2022602W0051,民視,一般,
1654106240.0,遭民眾黨幹部嗆「請你吃頓粗飽」!四叉貓反擊了:算不算恐嚇?,"網紅「四叉貓」劉宇不時在臉書上發表對時事看法,不過他昨(1)日深夜突然貼出台灣民眾黨員廖志杰的貼文,原來對方得知他要去樹林做筆錄,竟在臉書揚言「真的想請他吃頓粗飽」,讓四叉貓心生恐懼「請問這篇文章算不算恐嚇?」,引來網友熱議。 台灣民眾黨員廖志杰過去遭爆料欠錢不還,結果他反而控告多名網友妨害名譽,連四叉貓也挨告,四叉貓近日收到傳票後,好奇PO文問網友們「下個星期要去樹林做筆錄,附近有什麼好吃的推薦嗎?」,另外也希望收到傳票的網友們跟他聯絡,一起組隊去民眾黨新北市黨部門口開自救會。 四叉貓這則貼文PO出後,廖志杰不久後也在臉書PO文,嗆聲「XX貓要來樹林做筆錄,在想要不要請牠吃大餐,看他這麼愛蹭吃,真的想請他吃頓粗飽」。 對此,四叉貓隨即發文反擊「台灣民眾黨新北市黨代表#廖志杰 (甘蔗杰)得知我下週要去樹林分局做筆錄後,放話要請我吃一頓『粗飽』,請問這篇文章算不算恐嚇?我現在『心生畏懼瑟瑟發抖』,不知道下週該不該去樹林惹,嗚嗚嗚嗚嗚~~~會不會剛走出火車站就被他怎樣了」,還在文末HashTag「今天不說話明天你說不了話」。 這篇貼文曝光後,引來網友熱議,紛紛留言力挺四叉貓「瓜張,公然威脅」、「恭喜xxxx貓發大財」、「真的以為自己是老大耶!」、「這是明顯的恐嚇,可以告他!」。",https://www.ftvnews.com.tw/news/detail/2022602W0046,民視,一般,陳冠宇
1654104945.0,陳水扁確診現況曝! 黃偉哲請衛生局安排視訊看診、陳其邁致電關心,"前總統陳水扁5月31日證實自己確診COVID-19,陳水扁透露,台南市長黃偉哲請衛生局幫他安排視訊看診,主治醫師也隨時叮囑他應該注意的事項。陳水扁也感謝高雄市長陳其邁曾致電關心,現在自己已經退燒,症狀也已經改善。 陳水扁5月31日指出,前一天晚間突感不適,快篩陰性,但隔天早上快篩陽性,經醫師判定確診,要居家隔離,還說「不小心染疫,對不起啦!」 陳水扁1日晚間在臉書發文表示,黃偉哲請衛生局安排視訊看診,侯世婷小兒科診所侯醫師判定確診。醫師先開治療鎮咳退燒過敏化痰喉片的藥,再到晉大藥局領抗病毒藥Paxlovid。 陳水扁表示,感謝主治醫師陳順勝從頭到尾、一天到晚隨時問診並提醒應注意事項,包含體溫不超過38.5血氧濃度不低於95,桌上兩大包的藥物取代書籍與筆記本。口服藥Paxlovid仍在進行研究中目前不知道所有風險,副作用是味覺改變腹瀉高血壓肌肉疼痛。 陳水扁特別感謝陳其邁的關切電話,他說,陳其邁詢問陳水扁是否在高雄,如果在高雄將啟動治療計劃。陳水扁最後表示,可以放心的是已經退燒,症狀也有改善,「阿扁由衷謝謝大家的關心與祝福!」。",https://www.ftvnews.com.tw/news/detail/2022602W0037,民視,一般,
1654104524.0,蔡總統端午慰勉國軍 扛紅隼飛彈誇好操作,"端午連假將至,但國防沒有假期,不少官兵依舊要留守營區,總統蔡英文在端午節前一天,特別到北部地區部隊,包括海軍陸戰隊66旅與國防醫學院預防醫學研究所,頒發加菜金慰勉官兵,在66旅時她也看了不對稱作戰中,扮演重要角色的紅隼、刺針與標槍飛彈,她更是直接把紅隼飛彈扛在肩上,實際體驗。 蔡總統在官兵指導下扛起紅隼飛彈,直誇滿好操作的,紅隼飛彈為中科院研發製造,為我國陸軍現役反戰車武器,射程可達400公尺,設計上採拋棄式射擊,打完就丟不必裝填,沒有被敵軍撿拾反擊使用的問題,最大亮點是僅需一人就可操作,操作官兵只要揹在肩上,就能機動佈署,作戰效率相當高。",https://www.ftvnews.com.tw/news/detail/2022602W0029,民視,一般,
